patient_id,arm,site_code,diagnosis,frac_A,frac_B,frac_C,reads_x,reads_y,pct_purity,vaf,qc_score,age
PT00000,control,3,hcc,0.346882,0.114919,0.538199,100147,897649,48.7,1.4,0.758,75.5
PT00001,control,3,control,0.669132,0.304592,0.026276,99658,900107,96.9,-0.2,0.729,62.6
PT00002,case,0,control,0.407023,0.484416,0.108561,99511,900178,49.4,0.1865,0.221,71.1
PT00003,case,2,control,0.434671,0.323269,0.24206,99710,899377,38.5,0.2441,0.247,44.6
PT00004,case,2,liver,0.452184,0.342477,0.205339,100051,900067,24.1,0.3127,0.045,52.8
PT00005,control,1,control,0.30625,0.243971,0.449779,100248,900537,41.8,0.2888,0.46,63.6
PT00006,case,3,liver,0.480632,0.339176,0.180192,100028,898812,58.7,0.5305,0.415,61.7
PT00007,control,0,liver,0.491138,0.377949,0.130913,99547,901165,42.8,0.5009,0.064,
PT00008,control,3,liver,0.502605,0.363824,0.133571,100144,900406,71.8,0.339,0.439,53.6
PT00009,control,3,control,0.558156,0.239884,0.20196,99582,902257,62.3,0.0757,0.737,
PT00010,case,0,liver,0.288021,0.567861,0.144119,99900,898022,57.9,0.0918,0.227,79.8
PT00011,control,1,liver,0.553411,0.397231,0.049359,100157,899636,18.0,0.0996,0.98,69.2
PT00012,control,3,control,0.293764,0.497879,0.208357,99245,900596,48.1,0.0887,0.287,64.5
PT00013,control,0,control,0.540309,0.349521,0.11017,99301,900565,28.3,0.4145,0.456,64.4
PT00014,control,2,control,0.279491,0.508074,0.212434,100019,898672,70.6,0.0621,0.149,
PT00015,case,3,control,0.5789,0.375214,0.045886,99819,898622,58.4,0.1502,0.333,46.4
PT00016,control,2,control,0.351062,0.407756,0.241183,99877,899367,85.5,0.5147,0.356,68.8
PT00017,control,2,control,0.372777,0.488474,0.138749,99800,901628,16.4,0.1388,0.679,80.2
PT00018,case,2,control,0.288471,0.35511,0.35642,99598,900479,94.7,0.245,0.021,
PT00019,case,2,control,0.633628,0.22602,0.140352,100087,900801,65.0,0.2963,0.168,
PT00020,control,2,liver,0.794174,0.111461,0.094366,99525,901506,47.0,0.3025,0.317,49.0
PT00021,case,2,control,0.51628,0.298047,0.185673,100092,900125,38.8,0.312,0.325,43.9
PT00022,case,2,control,0.519726,0.402539,0.077734,99807,898504,76.5,0.0582,0.07,53.3
PT00023,case,1,hcc,0.579833,0.302485,0.117682,100021,900924,52.7,0.2176,0.092,61.9
PT00024,control,3,liver,0.455679,0.494556,0.049764,99995,901401,80.6,0.4103,0.816,55.9
PT00025,case,0,liver,0.226633,0.230506,0.542861,99729,900752,96.6,0.3034,0.389,65.7
PT00026,control,2,hcc,0.647197,0.266679,0.086124,99849,900410,68.1,0.2893,0.622,63.1
PT00027,case,0,control,0.438993,0.195978,0.365029,100380,898724,53.9,0.0185,0.46,
PT00028,case,2,control,0.20774,0.509175,0.283086,99928,899865,94.3,0.1705,0.288,53.3
PT00029,case,3,control,0.639959,0.181489,0.178552,100029,898139,10.1,0.0488,0.131,57.7
PT00030,control,2,control,0.059988,0.800097,0.139915,100206,899033,40.1,0.0961,0.995,72.5
PT00031,control,1,hcc,0.422721,0.195919,0.38136,100102,902636,63.9,0.0636,0.004,44.4
PT00032,control,1,control,0.457812,0.465003,0.077185,100091,897933,26.4,0.0737,0.369,70.0
PT00033,case,1,liver,0.37564,0.400248,0.224112,100188,899603,81.3,0.3001,0.527,78.1
PT00034,case,0,hcc,0.280604,0.47873,0.240667,99977,899980,15.7,0.1264,0.015,49.8
PT00035,case,2,liver,0.421189,0.272494,0.306317,99740,899110,15.5,0.0342,0.303,68.2
PT00036,case,1,control,0.502312,0.138735,0.358954,99521,900887,31.1,0.0869,0.333,
PT00037,control,1,liver,0.668661,0.308871,0.022468,100379,900685,51.9,0.407,0.437,43.3
PT00038,case,0,liver,0.473301,0.195446,0.331252,100211,899770,52.7,0.1683,0.331,37.9
PT00039,control,2,control,0.395437,0.393853,0.21071,100111,900627,57.4,0.1255,0.782,34.5
PT00040,case,3,control,0.564729,0.314763,0.120507,99654,902207,83.9,0.1698,0.349,43.9
PT00041,case,0,control,0.754266,0.172741,0.072993,100009,900947,95.6,0.2659,0.306,56.0
PT00042,control,3,hcc,0.227357,0.65963,0.113012,99937,900259,72.2,0.2052,0.078,60.0
PT00043,control,3,control,0.409101,0.375527,0.215372,99904,899399,37.4,0.0694,0.731,52.6
PT00044,control,3,control,0.646007,0.244935,0.109058,99694,899633,83.6,0.2403,0.884,83.5
PT00045,control,2,hcc,0.261011,0.583236,0.155753,100297,899349,43.3,0.1704,0.282,60.2
PT00046,case,0,liver,0.524043,0.286475,0.189482,99833,901398,27.0,0.3507,0.09,56.3
PT00047,control,0,control,0.627603,0.039077,0.33332,100237,899110,29.8,0.2505,0.019,64.9
PT00048,control,2,hcc,0.489506,0.065075,0.445419,99478,898763,16.4,0.0537,0.651,72.8
PT00049,case,1,control,0.365531,0.382461,0.252008,99765,899112,28.7,0.2369,0.112,50.9
PT00050,case,1,hcc,0.354945,0.360371,0.284685,99990,899525,24.5,0.1209,0.348,70.4
PT00051,control,2,control,0.473963,0.32648,0.199557,99418,900952,52.5,0.2825,0.183,50.0
PT00052,control,2,liver,0.292826,0.357647,0.349527,99802,901013,87.1,0.2017,0.341,67.3
PT00053,control,1,hcc,0.388109,0.517174,0.094717,100439,901715,64.7,0.2932,0.324,62.4
PT00054,case,1,liver,0.170152,0.730443,0.099405,100055,901393,25.6,0.3683,0.022,68.3
PT00055,control,1,control,0.63924,0.338306,0.022454,100267,899168,42.6,0.0759,0.565,63.5
PT00056,control,2,hcc,0.388818,0.394444,0.216738,99597,899068,19.6,0.0635,0.267,43.5
PT00057,control,3,control,0.467582,0.44977,0.082648,100454,900917,51.6,0.3401,0.276,
PT00058,control,3,control,0.757864,0.170276,0.07186,99873,898811,81.4,0.2159,0.465,84.4
PT00059,control,3,control,0.184215,0.526886,0.288899,100192,898552,98.9,0.0824,0.936,77.7
PT00060,control,0,control,0.587537,0.190672,0.221791,100527,899517,37.6,0.2093,0.132,80.4
PT00061,case,1,hcc,0.647996,0.205568,0.146436,100356,900871,94.8,0.4725,0.467,60.8
PT00062,case,3,hcc,0.293787,0.440145,0.266068,99943,900111,41.5,0.173,0.519,75.0
PT00063,case,3,liver,0.409513,0.248916,0.341571,100556,899149,71.4,0.3407,0.068,58.5
PT00064,control,3,control,0.540295,0.209873,0.249832,99992,900610,51.3,0.0233,0.687,52.0
PT00065,case,0,control,0.513731,0.243402,0.242868,99548,898818,57.3,0.4109,0.213,56.0
PT00066,case,3,control,0.584956,0.148438,0.266606,99586,899842,56.5,0.3103,0.041,59.1
PT00067,case,3,control,0.657013,0.114495,0.228493,99659,900072,96.8,0.3733,0.104,55.1
PT00068,case,1,hcc,0.531285,0.21947,0.249245,99617,899640,32.8,0.1396,0.385,70.5
PT00069,case,1,hcc,0.674471,0.164572,0.160957,100401,900352,63.2,0.1028,0.06,62.1
PT00070,case,1,control,0.208108,0.215946,0.575946,100051,899185,90.7,0.1944,0.189,80.2
PT00071,case,0,hcc,0.673453,0.229835,0.096713,99601,901391,31.6,0.0537,0.083,51.3
PT00072,control,0,liver,0.538385,0.393536,0.068079,100055,900738,89.9,0.5512,0.538,67.0
PT00073,case,1,control,0.242531,0.37422,0.383249,99866,900533,47.4,0.2278,0.263,66.9
PT00074,control,2,control,0.670608,0.085085,0.244307,99742,898186,93.6,0.2924,0.185,52.2
PT00075,control,3,control,0.265246,0.112089,0.622665,100158,899602,65.4,0.5567,0.448,92.3
PT00076,case,2,control,0.312737,0.388204,0.29906,100479,900567,81.0,0.1357,0.404,
PT00077,control,1,hcc,0.23158,0.459963,0.308457,100016,899574,31.3,0.2893,0.513,50.3
PT00078,control,0,liver,0.538763,0.2523,0.208937,100377,901241,39.3,0.0802,0.321,50.8
PT00079,case,1,control,0.555039,0.159294,0.285667,100253,897842,19.1,0.2889,0.247,41.4
PT00080,case,3,hcc,0.557563,0.239232,0.203205,99628,899858,63.9,0.2772,0.341,60.3
PT00081,control,2,control,0.324281,0.538178,0.137541,100047,900746,98.8,0.2644,0.568,63.0
PT00082,case,1,liver,0.356447,0.164398,0.479155,99660,898538,20.4,0.0377,0.548,52.8
PT00083,case,2,hcc,0.866559,0.081937,0.051503,100505,898967,23.0,0.01,0.526,54.7
PT00084,control,2,control,0.139774,0.662619,0.197607,99673,901926,36.6,0.3731,0.91,59.4
PT00085,case,2,hcc,0.313229,0.466055,0.220717,99915,899698,38.1,0.051,0.332,67.5
PT00086,control,0,control,0.643442,0.302556,0.054001,100201,899984,56.7,0.3373,0.707,65.6
PT00087,control,1,control,0.535761,0.31075,0.153489,99558,900261,10.5,0.1086,0.22,
PT00088,case,0,liver,0.157465,0.323412,0.519123,100053,900898,16.0,0.2055,0.171,
PT00089,case,2,hcc,0.594662,0.22976,0.175578,100131,898962,76.8,0.0533,0.222,65.8
PT00090,case,0,control,0.302757,0.146956,0.550286,99799,900644,79.5,0.3841,0.515,78.1
PT00091,case,2,hcc,0.203018,0.452865,0.344117,100137,899956,27.1,0.0739,0.439,66.8
PT00092,control,3,hcc,0.561243,0.30633,0.132427,99665,899686,36.6,0.2508,0.711,57.1
PT00093,case,1,control,0.346077,0.180484,0.47344,99499,899380,67.5,0.1621,0.106,49.5
PT00094,case,1,control,0.372561,0.520068,0.107371,99514,899055,57.8,0.3238,0.505,55.1
PT00095,control,1,control,0.294945,0.528442,0.176613,99752,897927,47.2,0.15,0.807,39.2
PT00096,case,0,liver,0.433472,0.482147,0.084381,100523,898737,23.0,0.2383,0.102,63.2
PT00097,case,3,control,0.516013,0.325522,0.158464,100276,900800,26.9,0.03,0.319,45.2
PT00098,case,0,control,0.484422,0.159156,0.356422,100084,900976,97.8,0.3279,0.241,49.6
PT00099,case,3,control,0.504387,0.302962,0.192651,99405,899564,76.7,0.237,0.283,
PT00100,control,3,control,0.397847,0.424485,0.177668,100019,899312,23.5,0.3651,0.22,58.2
PT00101,case,2,hcc,0.24164,0.617986,0.140374,100113,901683,11.7,0.3299,0.397,60.6
PT00102,case,3,control,0.614061,0.114324,0.271615,100089,898671,18.0,0.1339,0.429,75.4
PT00103,case,0,control,0.515746,0.22961,0.254644,100543,900735,59.0,0.2015,0.423,66.6
PT00104,control,0,liver,0.405959,0.502402,0.091638,99568,900145,59.2,0.1612,0.576,59.1
PT00105,case,2,control,0.170701,0.502109,0.32719,99867,900160,29.5,0.0291,0.328,71.5
PT00106,case,3,hcc,0.233331,0.505974,0.260695,99889,899597,22.6,0.0563,0.333,48.1
PT00107,control,0,hcc,0.376833,0.28619,0.336977,100221,901322,92.4,0.0635,0.055,56.0
PT00108,case,1,hcc,0.726333,0.163712,0.109956,100084,900803,91.1,0.1372,0.299,50.9
PT00109,case,2,hcc,0.504292,0.221103,0.274605,100159,899738,13.6,0.0752,0.17,61.4
PT00110,case,3,liver,0.465391,0.175015,0.359594,99666,900274,87.3,0.1524,0.292,71.5
PT00111,control,1,control,0.63222,0.163774,0.204006,100898,899565,64.2,0.2037,0.676,
PT00112,case,3,hcc,0.322837,0.223041,0.454122,100026,901319,66.4,0.0505,0.15,57.8
PT00113,case,2,control,0.34993,0.534041,0.116029,99940,899519,62.7,0.1641,0.455,65.8
PT00114,case,3,hcc,0.502415,0.403149,0.094436,99935,899527,59.6,0.0599,0.155,55.7
PT00115,control,0,control,0.486016,0.342705,0.171278,99686,899397,17.7,0.3195,0.642,44.1
PT00116,case,0,control,0.249325,0.269786,0.480889,100482,899974,94.9,0.2413,0.066,58.1
PT00117,control,2,liver,0.599479,0.309076,0.091444,99989,899465,76.7,0.1258,0.868,65.5
PT00118,control,2,control,0.405041,0.201616,0.393343,99825,900202,48.7,0.0597,0.372,64.4
PT00119,control,1,liver,0.543102,0.38258,0.074318,99961,899325,10.6,0.1504,0.635,60.8
PT00120,case,3,control,0.370622,0.487811,0.141568,100625,900049,75.9,0.1484,0.151,59.1
PT00121,control,3,hcc,0.444018,0.39004,0.165942,100196,899930,22.8,0.0862,0.876,65.0
PT00122,case,3,control,0.376844,0.237623,0.385532,98980,900071,37.2,0.6062,0.387,55.6
PT00123,case,1,hcc,0.465426,0.339965,0.194609,99518,899739,77.1,0.3199,0.235,53.4
PT00124,case,2,liver,0.51917,0.311948,0.168882,100084,899553,81.0,0.1207,0.381,57.3
PT00125,case,0,hcc,0.544525,0.25492,0.200555,99812,900406,47.4,0.4116,0.053,63.6
PT00126,control,3,control,0.47199,0.339556,0.188454,99723,901577,50.3,0.1171,0.167,78.7
PT00127,case,0,hcc,0.373133,0.441286,0.185581,100236,900218,70.1,0.1783,0.21,48.5
PT00128,control,1,control,0.285024,0.482976,0.232,99827,900875,93.6,0.2363,0.906,56.6
PT00129,case,0,hcc,0.464552,0.346921,0.188527,100742,899645,32.6,0.1171,0.352,61.9
PT00130,control,1,hcc,0.676369,0.23893,0.0847,99701,899498,98.1,0.0502,0.327,50.5
PT00131,case,2,control,0.49628,0.350774,0.152947,99530,899559,41.5,0.1271,0.423,67.5
PT00132,control,1,liver,0.374823,0.405081,0.220096,100195,900594,21.6,0.2151,0.085,58.6
PT00133,control,3,liver,0.666191,0.180412,0.153398,99881,899505,17.5,0.0558,0.437,73.2
PT00134,case,3,liver,0.40905,0.4264,0.16455,99820,899314,52.2,0.0189,0.506,52.3
PT00135,control,0,hcc,0.398938,0.547531,0.053531,100494,901068,74.2,0.152,0.886,56.3
PT00136,control,0,liver,0.57686,0.30433,0.118809,99607,900127,61.1,0.072,0.896,61.6
PT00137,case,1,hcc,0.38124,0.463846,0.154914,100649,899839,76.0,0.0071,0.42,60.1
PT00138,case,0,hcc,0.614676,0.229372,0.155952,100340,899983,12.9,0.1783,0.244,53.3
PT00139,control,2,hcc,0.647364,0.178463,0.174173,100268,900351,29.9,0.2298,0.174,58.3
PT00140,case,0,hcc,0.366301,0.29223,0.341469,100111,900131,90.3,0.2455,0.329,59.2
PT00141,case,1,control,0.732843,0.134669,0.132488,100445,900602,13.8,0.157,0.077,47.8
PT00142,case,2,control,0.675665,0.118446,0.205889,100338,900003,43.5,0.1822,0.275,45.3
PT00143,case,2,liver,0.400521,0.558396,0.041083,100350,898829,36.8,0.1548,0.403,47.3
PT00144,case,2,hcc,0.746179,0.16579,0.088031,99870,899839,13.6,0.4148,0.547,60.7
PT00145,case,0,hcc,0.505738,0.348042,0.14622,99682,901387,57.5,0.2189,0.049,47.3
PT00146,case,1,control,0.261365,0.497055,0.24158,99300,899619,98.9,0.2389,0.079,89.1
PT00147,control,1,hcc,0.469114,0.42891,0.101976,99477,898968,32.0,0.1516,0.523,44.9
PT00148,case,2,control,0.439315,0.244583,0.316102,100338,898996,46.0,0.1668,0.289,75.4
PT00149,control,3,control,0.461165,0.390151,0.148684,100181,901401,73.1,0.2276,0.148,62.0
PT00150,case,3,control,0.406343,0.205072,0.388585,100308,899458,29.9,0.5258,0.316,59.3
PT00151,case,3,control,0.336705,0.468596,0.194699,99553,899168,44.8,0.2368,0.529,55.6
PT00152,control,1,control,0.512444,0.362716,0.12484,100162,899717,44.8,0.0996,0.44,63.0
PT00153,case,2,hcc,0.488025,0.492233,0.019742,100311,899935,26.7,0.0992,0.414,51.1
PT00154,control,2,control,0.538732,0.161719,0.299549,100125,898972,51.5,0.2785,0.796,57.1
PT00155,control,3,liver,0.381809,0.015737,0.602454,100421,901459,63.1,0.0144,0.198,89.8
PT00156,case,0,liver,0.588685,0.256846,0.154468,99968,899430,97.5,0.1477,0.263,53.5
PT00157,control,1,control,0.371583,0.422467,0.20595,100018,899369,31.3,0.1562,0.722,46.5
PT00158,control,1,hcc,0.617781,0.296776,0.085443,100617,898604,26.0,0.196,0.617,52.1
PT00159,control,0,liver,0.449318,0.324762,0.22592,100587,901418,92.7,0.2878,0.192,
PT00160,case,0,hcc,0.365085,0.630809,0.004106,100347,898965,50.5,0.0798,0.454,73.2
PT00161,case,3,control,0.358542,0.427226,0.214232,100004,900354,37.7,0.2236,0.312,59.4
PT00162,case,2,liver,0.281515,0.387397,0.331088,100262,900177,98.4,0.1313,0.231,74.3
PT00163,case,3,liver,0.39718,0.260999,0.34182,99824,901522,25.3,0.0461,0.296,46.0
PT00164,case,3,control,0.370616,0.077339,0.552045,100158,900439,48.7,0.1995,0.006,55.1
PT00165,control,3,control,0.73983,0.194898,0.065272,100492,899219,36.5,0.2614,0.425,71.8
PT00166,control,3,hcc,0.616699,0.079908,0.303393,100106,901286,57.4,0.3197,0.612,
PT00167,case,2,hcc,0.510593,0.384722,0.104686,100046,900250,72.1,0.1991,0.485,55.7
PT00168,control,3,control,0.636694,0.133711,0.229595,99580,899619,43.4,0.0896,0.424,65.2
PT00169,case,2,liver,0.054283,0.831598,0.114119,99945,899758,68.1,0.1291,0.106,
PT00170,case,1,control,0.304044,0.145538,0.550418,99802,899890,18.5,0.162,0.305,76.4
PT00171,control,0,hcc,0.204774,0.506314,0.288912,99921,900408,15.9,0.1494,0.412,40.3
PT00172,control,1,control,0.698363,0.199581,0.102055,100267,899740,67.7,0.0373,0.511,80.9
PT00173,case,0,hcc,0.595783,0.101731,0.302486,100544,899928,17.8,0.4488,0.293,75.5
PT00174,control,2,control,0.661581,0.213399,0.125021,100582,899222,40.5,0.3142,0.286,43.8
PT00175,control,2,hcc,0.287275,0.467126,0.245599,99804,900085,69.3,0.036,0.449,51.2
PT00176,control,3,liver,0.401856,0.526609,0.071536,99388,900634,94.0,0.0246,0.592,52.1
PT00177,control,1,control,0.58211,0.234752,0.183138,100003,900838,25.6,0.1732,0.384,52.9
PT00178,case,1,liver,0.249403,0.567704,0.182893,100358,900112,62.2,0.1925,0.457,72.6
PT00179,case,3,control,0.266941,0.610589,0.12247,99922,900755,65.0,0.0948,0.334,67.6
PT00180,control,2,control,0.310849,0.539252,0.149899,100088,900137,49.1,0.3869,0.349,63.6
PT00181,case,2,hcc,0.306664,0.216782,0.476554,100008,900278,17.3,0.4398,0.43,64.8
PT00182,control,0,liver,0.587625,0.261572,0.150803,99962,900329,65.9,0.2383,0.888,56.0
PT00183,control,3,hcc,0.386236,0.353283,0.260481,100073,900308,62.1,0.1803,0.803,54.3
PT00184,case,1,control,0.227416,0.527797,0.244787,99758,900189,91.3,0.3028,0.075,57.7
PT00185,control,0,control,0.371162,0.506976,0.121863,100098,899671,85.5,0.1391,0.536,73.5
PT00186,case,1,control,0.33713,0.525374,0.137496,100547,899933,29.6,0.0822,0.547,78.2
PT00187,case,2,hcc,0.370175,0.528538,0.101287,99940,899437,70.4,0.3065,0.402,62.9
PT00188,control,2,hcc,0.072177,0.371183,0.55664,100535,900784,21.2,0.3639,0.177,49.0
PT00189,control,0,liver,0.368938,0.573685,0.057378,99969,899206,83.4,0.1521,0.269,
PT00190,case,2,hcc,0.308533,0.410103,0.281364,99829,900338,18.6,0.1073,0.419,53.4
PT00191,case,3,control,0.251077,0.696375,0.052547,99668,898505,57.8,0.1025,0.242,65.8
PT00192,control,1,control,0.419425,0.486018,0.094557,99730,901260,81.5,0.0754,0.642,55.2
PT00193,control,2,liver,0.467723,0.133594,0.398683,100380,900188,75.5,0.1222,0.18,58.2
PT00194,case,2,liver,0.310866,0.539203,0.14993,100321,900926,59.8,0.0732,0.525,66.9
PT00195,control,0,control,0.35023,0.42107,0.2287,100087,898179,68.6,0.1093,0.008,47.5
PT00196,control,2,control,0.635645,0.24878,0.115574,99978,899869,44.8,0.136,0.404,78.8
PT00197,control,0,control,0.386958,0.499243,0.113799,100162,900868,77.5,0.1518,0.325,50.5
PT00198,case,0,control,0.481272,0.398516,0.120213,100200,901914,83.3,0.2772,0.322,67.9
PT00199,case,3,hcc,0.146078,0.295007,0.558914,99594,900087,85.9,0.2754,0.489,
PT00200,control,3,liver,0.502386,0.276284,0.221329,100054,900732,83.7,0.3321,0.371,54.1
PT00201,case,0,control,0.547326,0.320847,0.131827,100767,899480,60.8,0.0802,0.404,47.0
PT00202,case,2,control,0.374829,0.476736,0.148435,99699,900132,82.1,0.0717,0.466,47.0
PT00203,case,1,hcc,0.135768,0.644598,0.219634,100240,898888,72.5,0.1997,0.35,58.2
PT00204,case,3,hcc,0.563841,0.347868,0.088291,100228,900214,75.9,0.3384,0.023,72.1
PT00205,case,1,control,0.220026,0.278754,0.50122,99712,899572,77.4,0.0213,0.212,75.3
PT00206,case,0,control,0.514154,0.149407,0.336439,100092,900009,68.7,0.3848,0.085,66.2
PT00207,case,0,hcc,0.36023,0.084175,0.555595,100033,900053,75.9,0.1379,0.192,74.9
PT00208,control,3,hcc,0.436423,0.348616,0.214961,100387,899205,54.6,0.4305,0.089,67.8
PT00209,case,1,liver,0.284152,0.385528,0.330319,99813,900304,14.0,0.0541,0.2,69.3
PT00210,control,1,liver,0.473712,0.335126,0.191163,100069,900537,88.3,0.1685,0.226,71.9
PT00211,case,1,control,0.563723,0.26687,0.169408,99666,899303,25.6,0.4376,0.089,52.4
PT00212,control,2,control,0.520212,0.242462,0.237325,100137,900048,71.4,0.2146,0.945,61.5
PT00213,case,2,control,0.419496,0.339963,0.240541,99608,900848,71.6,0.1226,0.136,
PT00214,case,0,hcc,0.566792,0.351742,0.081467,99137,899350,20.4,0.0865,0.212,51.9
PT00215,control,3,liver,0.342847,0.318474,0.338679,100161,898894,35.8,0.2761,0.386,50.3
PT00216,case,2,hcc,0.399046,0.447149,0.153805,100478,899126,45.9,0.2664,0.426,57.3
PT00217,case,3,liver,0.423835,0.42428,0.151886,100058,901858,47.0,0.0547,0.527,67.8
PT00218,case,1,control,0.620561,0.130469,0.24897,99458,901223,97.9,0.341,0.366,
PT00219,control,1,hcc,0.482187,0.460017,0.057796,99945,899097,97.5,0.3848,0.854,61.0
PT00220,case,2,liver,0.235136,0.374189,0.390675,100672,902454,18.7,0.1765,0.416,69.2
PT00221,control,0,control,0.298694,0.5997,0.101606,100426,899037,92.5,0.2706,0.593,61.4
PT00222,case,1,hcc,0.39287,0.43351,0.17362,99711,899839,44.0,0.0195,0.02,82.1
PT00223,control,3,liver,0.54763,0.27468,0.17769,100594,899756,33.7,0.1026,0.628,58.7
PT00224,control,0,control,0.683392,0.269699,0.046909,100657,900779,43.6,0.1518,0.287,63.3
PT00225,control,1,liver,0.673687,0.190079,0.136234,100425,899510,21.6,0.307,0.761,88.1
PT00226,control,0,control,0.857925,0.033221,0.108855,100248,899796,40.6,0.215,0.301,62.8
PT00227,case,1,liver,0.752461,0.12142,0.126119,100080,899587,45.0,0.0545,0.292,69.0
PT00228,control,1,control,0.499885,0.223747,0.276368,99992,900276,51.6,0.1392,0.079,64.7
PT00229,control,3,liver,0.679492,0.138772,0.181736,99829,900502,72.0,0.4025,0.212,63.6
PT00230,case,0,control,0.518246,0.189638,0.292117,99758,899793,39.3,0.4398,0.036,59.9
PT00231,case,0,control,0.512797,0.385574,0.101629,99949,898958,14.6,0.1259,0.482,48.5
PT00232,control,1,liver,0.524959,0.276337,0.198704,100098,900256,44.1,0.1265,0.89,
PT00233,control,1,hcc,0.273349,0.461296,0.265354,99430,899154,59.1,0.2473,0.988,71.7
PT00234,control,0,hcc,0.108759,0.494839,0.396401,100532,899709,28.8,0.1818,0.381,53.6
PT00235,case,2,control,0.309938,0.276295,0.413767,99563,898705,90.4,0.1079,0.266,63.4
PT00236,case,3,control,0.437449,0.23332,0.329231,100225,900144,23.8,0.1935,0.08,65.0
PT00237,case,2,hcc,0.624009,0.310939,0.065052,100154,899599,43.7,0.1164,0.417,59.5
PT00238,control,0,hcc,0.513549,0.315143,0.171308,100233,900957,59.9,0.0325,0.839,
PT00239,control,0,hcc,0.508912,0.183284,0.307804,99627,900197,62.3,0.2761,0.664,44.1
PT00240,control,1,control,0.410482,0.289086,0.300432,100407,898656,69.8,0.1364,0.017,69.6
PT00241,case,3,liver,0.500196,0.411802,0.088002,99242,901625,83.6,0.3721,0.304,58.6
PT00242,case,2,control,0.257306,0.471082,0.271612,100673,899753,20.6,0.1221,0.405,56.8
PT00243,case,1,control,0.397868,0.252757,0.349375,99686,899706,58.6,0.1397,0.424,52.8
PT00244,control,0,control,0.496152,0.470736,0.033112,99980,899373,61.0,0.2688,0.85,53.4
PT00245,case,1,hcc,0.308169,0.631404,0.060427,100141,899259,94.6,0.1943,0.403,60.3
PT00246,case,1,hcc,0.561079,0.205627,0.233294,99958,899789,12.9,0.0797,0.108,80.4
PT00247,control,0,control,0.630994,0.123692,0.245315,100094,901584,86.9,0.1856,0.679,56.0
PT00248,control,2,liver,0.350003,0.286181,0.363817,100357,900306,66.9,0.5378,0.75,67.2
PT00249,control,2,liver,0.562622,0.014025,0.423353,99897,901317,14.9,0.1256,0.493,55.8
PT00250,control,2,control,0.222877,0.285096,0.492026,99847,900393,77.8,0.1857,0.575,72.6
PT00251,case,1,liver,0.61056,0.264419,0.125021,99687,899964,42.2,0.1799,0.469,
PT00252,control,3,control,0.602489,0.342434,0.055076,100144,899845,98.8,0.1368,0.564,48.1
PT00253,case,0,control,0.353723,0.370676,0.2756,100011,898892,51.7,0.3153,0.504,71.9
PT00254,control,1,hcc,0.456527,0.076715,0.466759,100312,899800,11.9,0.45,0.563,56.2
PT00255,case,3,control,0.371425,0.285785,0.34279,100052,900079,39.1,0.2083,0.018,55.5
PT00256,case,0,hcc,0.563098,0.199839,0.237063,100075,900106,67.9,0.0982,0.405,61.9
PT00257,control,1,control,0.135249,0.451991,0.41276,99908,899232,95.7,0.2699,0.635,59.8
PT00258,control,0,control,0.270569,0.449174,0.280257,100487,900398,27.2,0.2074,0.421,63.2
PT00259,control,1,hcc,0.305556,0.31702,0.377425,100405,900933,22.2,0.2007,0.166,57.1
PT00260,control,0,hcc,0.557116,0.345698,0.097186,100373,898222,29.6,0.0485,0.426,61.1
PT00261,case,3,control,0.568796,0.205739,0.225465,99356,899818,17.5,0.1152,0.088,54.8
PT00262,case,3,control,0.410949,0.287633,0.301418,99894,901455,15.3,0.069,0.525,39.7
PT00263,control,0,hcc,0.551966,0.307492,0.140542,100287,899082,73.6,0.1812,0.299,37.7
PT00264,control,2,hcc,0.463631,0.423203,0.113166,99801,899214,24.8,0.1663,0.326,53.3
PT00265,control,3,hcc,0.545413,0.3837,0.070887,100227,900115,57.4,0.2502,0.276,56.7
PT00266,case,1,control,0.338489,0.618838,0.042672,99442,901287,43.0,0.1733,0.479,24.1
PT00267,control,0,hcc,0.613856,0.336747,0.049396,100259,898856,64.5,0.1486,0.832,66.2
PT00268,control,1,control,0.373948,0.350944,0.275108,100201,901800,47.3,0.2113,0.947,45.8
PT00269,control,3,control,0.466943,0.385814,0.147243,99741,899044,66.3,0.1686,0.185,54.2
PT00270,control,2,liver,0.685545,0.242606,0.07185,99887,900389,86.4,0.1558,0.2,46.6
PT00271,case,1,control,0.272703,0.33942,0.387877,100431,900211,60.6,0.3361,0.187,64.2
PT00272,case,0,hcc,0.536732,0.309721,0.153547,100746,900089,25.7,0.3837,0.331,48.4
PT00273,control,2,control,0.209838,0.46548,0.324682,99720,900953,62.9,0.1388,0.3,75.8
PT00274,control,2,control,0.350435,0.386089,0.263477,100368,899629,49.1,0.2186,0.358,49.5
PT00275,control,3,liver,0.384646,0.543589,0.071765,99755,900546,13.2,0.2748,0.162,53.1
PT00276,control,3,liver,0.234556,0.302244,0.4632,100051,900359,94.5,0.3136,0.771,
PT00277,case,2,hcc,0.195968,0.472325,0.331707,100006,900662,66.1,0.261,0.4,67.9
PT00278,case,2,control,0.198216,0.424608,0.377176,99372,901421,26.2,0.195,0.504,66.2
PT00279,case,1,hcc,0.285224,0.319124,0.395652,100222,898862,47.7,0.2409,0.191,83.7
PT00280,control,1,hcc,0.68863,0.103923,0.207447,99907,900737,10.8,0.5385,0.756,65.4
PT00281,control,0,hcc,0.745329,0.183758,0.070913,99841,898450,17.8,0.3121,0.769,64.4
PT00282,case,1,hcc,0.504899,0.243187,0.251914,99913,900092,37.0,0.2674,0.116,61.4
PT00283,control,1,liver,0.596491,0.363052,0.040457,99934,898509,16.4,0.3382,0.676,59.4
PT00284,case,3,control,0.567887,0.358382,0.073731,99782,899505,40.1,0.2124,0.154,55.4
PT00285,case,1,hcc,0.52321,0.259827,0.216964,99759,899580,70.3,0.3486,0.375,53.8
PT00286,control,2,control,0.378285,0.500716,0.120999,99641,901029,17.7,0.2683,0.088,34.6
PT00287,control,2,hcc,0.296123,0.117875,0.586001,99929,899597,56.6,0.2071,0.689,54.2
PT00288,case,3,control,0.483024,0.195788,0.321188,100121,900795,46.0,0.1112,0.262,73.5
PT00289,control,1,hcc,0.374133,0.180015,0.445852,100407,899543,69.0,0.1558,0.572,69.2
PT00290,control,0,control,0.259777,0.538574,0.201649,99773,899742,82.3,0.5402,0.509,48.3
PT00291,case,0,liver,0.298557,0.49487,0.206573,100506,899739,32.8,0.1796,0.355,
PT00292,control,2,hcc,0.74264,0.105617,0.151743,100430,901201,22.9,0.139,0.231,48.9
PT00293,control,0,control,0.464867,0.31277,0.222363,99988,900934,94.4,0.1206,0.908,46.3
PT00294,control,0,liver,0.187756,0.610929,0.201315,100172,900014,39.3,0.2119,0.412,65.8
PT00295,control,2,control,0.559696,0.245651,0.194653,99821,900439,71.7,0.3787,0.347,75.4
PT00296,case,3,liver,0.587395,0.347532,0.065073,100287,900778,46.4,0.1408,0.157,
PT00297,case,1,liver,0.338129,0.34894,0.312931,100019,899807,35.8,0.025,0.534,54.7
PT00298,control,0,hcc,0.302932,0.627692,0.069377,100111,899780,22.2,0.3199,0.567,53.8
PT00299,case,1,control,0.396188,0.102473,0.501339,99531,900004,65.8,0.247,0.078,62.1
PT00300,case,1,hcc,0.640293,0.310835,0.048873,99791,898092,54.1,0.0512,0.178,63.2
PT00301,case,0,control,0.467128,0.292037,0.240834,99891,897372,43.6,0.3263,0.196,54.2
PT00302,control,0,liver,0.264107,0.105209,0.630684,99750,902465,54.3,0.1255,0.83,43.3
PT00303,case,1,control,0.742094,0.234392,0.023514,99571,900963,79.3,0.2058,0.351,57.3
PT00304,control,0,hcc,0.710742,0.275535,0.013724,99666,900407,94.9,0.2578,0.38,57.4
PT00305,case,2,hcc,0.684838,0.293791,0.021371,99565,901060,65.8,0.1662,0.404,83.5
PT00306,case,2,control,0.315688,0.550036,0.134276,100100,899818,14.6,0.0976,0.436,61.6
PT00307,control,3,liver,0.444271,0.223558,0.332171,99937,898481,65.3,0.2617,0.386,62.2
PT00308,control,2,hcc,0.385024,0.21895,0.396027,99381,899409,89.4,0.2,0.778,
PT00309,case,0,liver,0.528987,0.263847,0.207166,100596,898319,82.8,0.515,0.33,61.1
PT00310,control,1,hcc,0.336778,0.390661,0.272561,100495,900527,83.5,0.1491,0.178,49.2
PT00311,case,2,hcc,0.281605,0.339255,0.37914,100308,899469,53.1,0.6069,0.394,50.8
PT00312,control,0,control,0.690897,0.13988,0.169223,100092,900462,31.2,0.1206,0.597,58.5
PT00313,case,3,hcc,0.484961,0.393228,0.121811,99637,900470,83.3,0.174,0.543,
PT00314,control,3,control,0.385982,0.286456,0.327561,99521,900026,29.5,0.0976,0.467,69.2
PT00315,case,2,hcc,0.444705,0.47654,0.078756,99990,900939,67.9,0.0652,0.382,68.0
PT00316,control,0,control,0.828618,0.090085,0.081297,100425,898000,93.7,0.026,0.123,78.2
PT00317,control,1,control,0.389236,0.133078,0.477686,99825,901124,80.1,0.1184,0.454,45.0
PT00318,case,0,control,0.439636,0.213348,0.347016,99807,899160,16.9,0.2392,0.134,40.5
PT00319,control,0,liver,0.653488,0.313829,0.032683,100175,900486,23.1,0.0656,0.31,61.7
PT00320,control,3,control,0.326034,0.364218,0.309748,99877,900699,37.3,0.1201,0.746,71.7
PT00321,case,2,liver,0.606164,0.111175,0.282661,100468,900138,94.8,0.2978,0.216,45.5
PT00322,case,1,liver,0.64254,0.240611,0.116848,100083,899701,63.7,0.2764,0.368,66.5
PT00323,case,1,hcc,0.24192,0.678516,0.079564,100315,898173,80.2,0.1814,0.406,31.5
PT00324,case,0,control,0.426264,0.48248,0.091256,99557,901629,91.6,0.2852,0.424,
PT00325,control,2,liver,0.532049,0.27021,0.197741,100095,900067,20.2,0.434,0.038,87.7
PT00326,control,3,control,0.490378,0.351185,0.158437,99756,898495,88.4,0.1618,0.363,59.3
PT00327,control,3,hcc,0.619366,0.093832,0.286802,99941,901387,26.9,0.2126,0.019,51.6
PT00328,case,3,hcc,0.505926,0.286651,0.207422,99428,901849,49.7,0.1041,0.103,64.8
PT00329,control,1,liver,0.268035,0.371659,0.360307,100286,898617,37.6,0.2105,0.359,75.2
PT00330,case,1,liver,0.243082,0.31712,0.439798,100418,899917,66.3,0.1221,0.191,50.1
PT00331,case,3,hcc,0.315896,0.483938,0.200166,99927,899750,10.5,0.2452,0.227,59.2
PT00332,control,0,control,0.802761,0.094973,0.102266,99725,900020,76.5,0.3323,0.714,60.9
PT00333,case,2,hcc,0.325087,0.470929,0.203984,100445,900344,38.1,0.3633,0.052,71.8
PT00334,control,2,control,0.50373,0.355581,0.140689,100491,897901,14.0,0.4251,0.989,52.8
PT00335,control,3,liver,0.314657,0.289851,0.395492,99800,899388,69.9,0.1303,0.076,51.5
PT00336,case,0,control,0.48815,0.253331,0.258519,99830,900507,65.0,0.1327,0.517,74.7
PT00337,case,2,control,0.525028,0.174078,0.300894,99997,901003,16.6,0.3136,0.293,65.4
PT00338,control,2,control,0.482888,0.276008,0.241104,99753,900077,17.2,0.1153,0.257,58.9
PT00339,control,0,liver,0.20522,0.389279,0.405501,99415,900163,85.1,0.1006,0.136,50.2
PT00340,case,1,hcc,0.322895,0.353516,0.323589,100023,900530,34.3,0.2301,0.449,
PT00341,case,0,control,0.638741,0.16659,0.194669,99743,899606,62.1,0.084,0.339,
PT00342,case,1,control,0.43191,0.326294,0.241796,100139,899740,35.6,0.2828,0.408,58.9
PT00343,case,0,control,0.403533,0.512592,0.083875,99796,899282,21.0,0.3439,0.333,51.2
PT00344,case,3,control,0.520259,0.207128,0.272613,99645,900343,51.5,0.0627,0.109,49.3
PT00345,case,1,control,0.610428,0.162214,0.227358,99974,899923,50.4,0.1859,0.416,52.0
PT00346,case,1,hcc,0.346306,0.261352,0.392342,100167,900105,15.7,0.2299,0.265,59.3
PT00347,case,3,control,0.669623,0.147918,0.182459,100105,899543,41.0,0.1539,0.348,59.3
PT00348,control,3,hcc,0.445042,0.447784,0.107174,99759,901084,43.7,0.2919,0.972,51.6
PT00349,control,2,hcc,0.663758,0.219565,0.116677,100027,899555,92.1,0.4901,0.273,53.3
PT00350,control,3,hcc,0.673131,0.219033,0.107837,100307,897603,80.7,0.1748,0.534,55.1
PT00351,case,0,control,0.305113,0.335515,0.359372,100585,900126,43.0,0.1534,0.131,56.4
PT00352,case,0,control,0.475374,0.189027,0.3356,99885,900035,17.3,0.0823,0.256,59.1
PT00353,case,1,hcc,0.155675,0.439908,0.404417,99806,899989,43.9,0.3316,0.089,76.0
PT00354,control,3,control,0.531047,0.182301,0.286653,99629,899223,47.7,0.3249,0.371,70.9
PT00355,control,1,liver,0.658596,0.248218,0.093186,100323,900174,25.5,0.0652,0.068,59.3
PT00356,control,1,hcc,0.528641,0.298965,0.172394,100066,900668,63.6,0.0165,0.569,81.2
PT00357,case,1,hcc,0.649324,0.289127,0.061549,99620,900905,69.0,0.1303,0.399,73.7
PT00358,case,0,liver,0.620145,0.251548,0.128307,100194,900610,82.4,0.1157,0.209,72.0
PT00359,case,1,liver,0.500148,0.159161,0.340692,99814,900765,52.9,0.4377,0.349,70.9
PT00360,control,0,control,0.465358,0.230589,0.304052,99666,899326,84.1,0.2745,0.204,63.1
PT00361,case,2,hcc,0.200365,0.722307,0.077328,99865,898908,82.4,0.168,0.367,51.0
PT00362,control,0,hcc,0.484291,0.468177,0.047532,99861,898286,63.0,0.3514,0.186,42.4
PT00363,case,1,hcc,0.211391,0.65692,0.131689,99837,899365,49.2,0.1093,0.102,46.6
PT00364,control,3,liver,0.569959,0.340352,0.08969,99693,902073,41.6,0.4967,0.037,67.6
PT00365,control,3,liver,0.587034,0.232356,0.18061,100220,900286,76.8,0.3329,0.586,51.4
PT00366,control,2,control,0.64765,0.321182,0.031168,100357,900057,48.8,0.286,0.383,54.3
PT00367,case,1,liver,0.307375,0.280679,0.411946,100237,899939,59.0,0.1287,0.195,51.2
PT00368,case,0,hcc,0.34757,0.50436,0.14807,99505,899780,66.0,0.2598,0.053,57.6
PT00369,case,2,control,0.174569,0.374839,0.450592,100080,899186,83.2,0.209,0.098,69.3
PT00370,case,1,hcc,0.501363,0.19159,0.307046,99865,901145,30.4,0.0554,0.261,67.5
PT00371,control,2,control,0.302532,0.577747,0.119721,100406,901678,43.1,0.1853,0.016,57.4
PT00372,case,0,liver,0.482779,0.195962,0.321259,99494,899259,28.1,0.0558,0.082,67.9
PT00373,control,1,hcc,0.599725,0.147551,0.252724,99944,899920,70.7,0.1475,0.046,63.1
PT00374,control,2,liver,0.24253,0.749182,0.008288,100395,899276,20.2,0.0838,0.799,76.4
PT00375,case,2,liver,0.54246,0.371312,0.086228,99996,900763,64.5,0.2669,0.103,68.3
PT00376,case,3,liver,0.4828,0.35502,0.16218,100090,900086,33.3,0.1453,0.257,45.8
PT00377,case,0,control,0.567623,0.355286,0.077091,100143,900206,94.4,0.036,0.505,57.8
PT00378,case,1,hcc,0.627019,0.108289,0.264692,100228,899359,77.0,0.1112,0.383,62.5
PT00379,control,1,control,0.649265,0.24425,0.106485,99856,900225,25.7,0.1222,0.207,64.5
PT00380,case,1,control,0.645509,0.213745,0.140746,100013,901053,98.6,0.2262,0.467,80.3
PT00381,case,2,control,0.651832,0.138658,0.20951,99538,898593,28.8,0.0897,0.188,72.3
PT00382,case,1,control,0.613458,0.190104,0.196438,100139,899284,97.4,0.1293,0.411,54.3
PT00383,control,1,hcc,0.232749,0.581194,0.186057,100295,900935,65.2,0.4157,0.15,77.4
PT00384,control,3,control,0.292761,0.355725,0.351514,100141,898299,73.6,0.3808,0.307,70.8
PT00385,case,0,control,0.526763,0.243147,0.230089,100390,900363,93.1,0.0298,0.325,71.9
PT00386,case,2,control,0.611377,0.285592,0.103031,100016,901132,10.6,0.324,0.355,53.6
PT00387,control,3,control,0.547327,0.219499,0.233175,100339,897745,97.5,0.2314,0.961,44.1
PT00388,control,0,control,0.596879,0.289334,0.113788,99997,900432,69.4,0.0695,0.441,45.1
PT00389,case,2,control,0.662549,0.193791,0.14366,100905,901626,12.0,0.1512,0.292,59.4
PT00390,case,3,control,0.325231,0.261917,0.412853,100039,900273,66.5,0.0832,0.293,76.4
PT00391,control,3,control,0.157249,0.623034,0.219717,100305,900108,95.4,0.201,0.293,68.0
PT00392,case,2,control,0.315813,0.387536,0.29665,99506,900103,90.0,0.0321,0.245,
PT00393,case,1,control,0.443634,0.224927,0.331439,100095,900166,90.8,0.0549,0.457,
PT00394,case,1,hcc,0.828796,0.106871,0.064333,99718,899523,56.4,0.195,0.117,53.2
PT00395,case,1,control,0.373105,0.335808,0.291087,99652,900444,25.7,0.1136,0.014,64.9
PT00396,control,3,hcc,0.234857,0.44166,0.323483,99374,899542,83.4,0.2286,0.644,47.2
PT00397,control,1,control,0.488998,0.218799,0.292202,99942,900035,50.1,0.1883,0.262,49.1
PT00398,case,2,control,0.396754,0.394346,0.208901,100055,900219,93.9,0.2897,0.304,67.9
PT00399,case,0,liver,0.319934,0.43044,0.249626,100369,900256,53.1,0.0639,0.125,46.7
PT00400,case,0,control,0.706462,0.238943,0.054595,99625,900901,23.4,0.3866,0.215,49.4
PT00401,case,0,control,0.765298,0.105229,0.129473,100237,900402,58.2,0.0579,0.408,64.0
PT00402,control,3,control,0.70282,0.1297,0.16748,100309,902071,33.2,0.0123,0.333,
PT00403,control,1,liver,0.137267,0.758958,0.103776,100377,900003,82.2,0.0864,0.963,54.4
PT00404,control,3,hcc,0.769132,0.073574,0.157294,99799,899618,89.1,0.1155,0.284,59.7
PT00405,case,0,hcc,0.330989,0.313874,0.355137,100205,900276,51.2,0.3006,0.511,65.5
PT00406,case,1,control,0.362698,0.550902,0.0864,99859,899876,44.3,0.3542,0.495,77.9
PT00407,case,0,control,0.675427,0.289527,0.035046,100268,900856,47.8,0.4262,0.322,71.5
PT00408,control,2,liver,0.26886,0.401652,0.329488,99958,899503,86.8,0.1451,0.952,63.3
PT00409,case,2,hcc,0.336906,0.507777,0.155318,99690,901611,35.3,0.1994,0.081,56.6
PT00410,case,0,control,0.52556,0.280659,0.193781,100275,898948,85.2,0.3439,0.224,72.8
PT00411,control,0,control,0.240569,0.477272,0.282159,99585,900839,13.5,0.2199,0.934,63.8
PT00412,control,1,control,0.351759,0.610754,0.037487,100050,901264,91.8,0.1723,0.902,48.5
PT00413,control,1,control,0.386226,0.443711,0.170063,99656,899185,30.5,0.341,0.353,50.7
PT00414,control,0,control,0.73767,0.088928,0.173402,99853,900163,23.7,0.0221,0.596,61.9
PT00415,control,3,control,0.442963,0.274242,0.282795,100161,900585,46.7,0.0619,0.119,
PT00416,case,3,control,0.392717,0.203939,0.403344,100168,901145,19.7,0.283,0.033,51.7
PT00417,control,1,liver,0.629771,0.224833,0.145396,99816,900651,96.9,0.2127,0.968,40.8
PT00418,control,0,liver,0.558606,0.396493,0.0449,99763,898778,66.5,0.1835,0.582,43.6
PT00419,control,0,control,0.319328,0.535043,0.145628,100333,899455,99.0,0.1173,0.122,63.7
PT00420,control,1,control,0.477232,0.404677,0.118091,99956,899453,39.1,0.1873,0.391,58.6
PT00421,case,0,control,0.38192,0.125838,0.492242,100005,899675,57.0,0.2733,0.337,77.0
PT00422,control,0,control,0.679838,0.181195,0.138967,100052,900826,56.5,0.1538,0.72,75.1
PT00423,control,1,hcc,0.426544,0.239861,0.333595,99711,900047,64.5,0.1618,0.513,62.2
PT00424,case,0,control,0.528653,0.249535,0.221812,100136,900854,56.3,0.15,0.393,
PT00425,case,1,control,0.630815,0.302087,0.067098,100108,900488,66.8,0.2048,0.037,
PT00426,control,1,liver,0.286697,0.510009,0.203294,100166,901090,76.9,0.225,0.794,41.0
PT00427,case,1,hcc,0.32311,0.228846,0.448043,100003,900460,17.0,0.3057,0.469,65.7
PT00428,control,0,control,0.596737,0.29573,0.107532,99461,898953,61.9,0.0619,0.131,46.8
PT00429,control,1,liver,0.445075,0.201799,0.353126,99585,898811,11.9,0.0464,0.318,41.1
PT00430,control,1,liver,0.238269,0.649361,0.11237,100027,900141,56.4,0.0567,0.398,
PT00431,control,1,liver,0.278488,0.619831,0.101681,100202,900062,17.2,0.2612,0.788,72.3
PT00432,case,2,hcc,0.100403,0.791709,0.107888,99730,900169,32.9,0.2212,0.131,71.5
PT00433,control,2,liver,0.628224,0.122566,0.24921,100010,899912,56.8,0.2848,0.142,79.1
PT00434,control,1,hcc,0.776471,0.17757,0.045959,99694,900288,14.7,0.1573,0.264,
PT00435,control,1,hcc,0.249218,0.435055,0.315727,100660,899097,77.8,0.1919,0.267,50.4
PT00436,control,0,control,0.193663,0.633372,0.172965,99836,898723,40.5,0.0719,0.614,72.2
PT00437,case,0,liver,0.508762,0.442736,0.048502,100094,901833,93.0,0.317,0.246,67.0
PT00438,control,3,control,0.533116,0.281821,0.185064,100382,900737,76.2,0.367,0.135,54.0
PT00439,control,2,control,0.157855,0.192604,0.649541,100570,900846,27.0,0.2358,0.732,44.4
PT00440,control,2,liver,0.382345,0.459359,0.158297,100562,898031,26.2,0.1919,0.365,62.0
PT00441,control,0,control,0.624461,0.223351,0.152189,99817,898196,53.4,0.4889,0.398,64.3
PT00442,case,2,control,0.591363,0.122651,0.285986,100466,900290,41.8,0.2189,0.273,
PT00443,control,1,hcc,0.246463,0.39412,0.359417,99795,898797,61.9,0.5341,0.706,66.7
PT00444,control,3,hcc,0.43283,0.331562,0.235608,100016,899837,48.8,0.0778,0.609,69.1
PT00445,case,3,hcc,0.59166,0.358598,0.049741,99859,899328,67.1,0.3551,0.123,53.5
PT00446,case,0,control,0.334012,0.511039,0.154949,100529,900478,14.7,0.0905,0.137,55.9
PT00447,case,0,control,0.550289,0.32316,0.126551,100010,901185,65.0,0.2071,0.239,54.1
PT00448,control,0,hcc,0.109562,0.711381,0.179057,99962,899902,51.0,0.0855,0.972,42.2
PT00449,case,3,hcc,0.422139,0.417536,0.160325,100070,899282,54.7,0.1986,0.115,59.5
PT00450,case,3,liver,0.271683,0.601455,0.126863,99958,898085,19.2,0.1016,0.209,71.2
PT00451,control,3,hcc,0.398909,0.415677,0.185414,100361,898277,43.1,0.2284,0.69,64.4
PT00452,case,0,hcc,0.513102,0.374712,0.112186,99748,899992,34.0,0.2175,0.225,
PT00453,case,0,hcc,0.549164,0.326724,0.124112,99950,900163,68.2,0.3566,0.49,42.6
PT00454,case,3,liver,0.412157,0.303949,0.283894,100327,902696,61.5,0.141,0.486,73.5
PT00455,case,2,control,0.402744,0.539187,0.058069,100096,897600,64.1,0.1173,0.496,67.0
PT00456,case,0,hcc,0.64543,0.195701,0.158868,100153,900958,29.2,0.1776,0.438,79.4
PT00457,case,3,control,0.376248,0.473482,0.150271,100537,900824,56.9,0.1022,0.317,49.1
PT00458,control,0,hcc,0.5506,0.333284,0.116116,99610,899898,36.1,0.0665,0.556,66.6
PT00459,case,2,hcc,0.551854,0.130047,0.318099,100032,899828,58.8,0.1368,0.24,65.7
PT00460,control,3,liver,0.574342,0.249067,0.17659,99878,901413,59.6,0.0609,0.106,71.0
PT00461,control,1,control,0.317652,0.46711,0.215239,99795,899238,41.0,0.4607,0.189,
PT00462,case,1,control,0.177891,0.501598,0.320511,99958,899880,22.3,0.1077,0.033,59.2
PT00463,control,1,hcc,0.70897,0.23634,0.05469,99838,900617,61.9,0.2568,0.515,84.8
PT00464,case,3,control,0.545238,0.073782,0.38098,100736,900586,38.2,0.2189,0.399,
PT00465,case,1,control,0.689784,0.106346,0.20387,100205,899085,78.1,0.1131,0.082,58.7
PT00466,case,0,liver,0.709585,0.210253,0.080162,99501,899237,54.0,0.1218,0.493,51.6
PT00467,case,0,hcc,0.353863,0.590053,0.056084,100078,900729,80.4,0.4148,0.074,76.3
PT00468,case,1,control,0.633457,0.215057,0.151486,99893,899815,96.2,0.2189,0.171,
PT00469,control,1,hcc,0.400177,0.43683,0.162993,99540,900515,75.0,0.0872,0.386,65.7
PT00470,case,0,control,0.572606,0.316421,0.110973,99353,899526,31.2,0.3128,0.258,71.4
PT00471,control,1,hcc,0.619084,0.322161,0.058755,100177,901258,51.5,0.14,0.034,51.6
PT00472,case,3,liver,0.179419,0.690815,0.129766,100487,899595,43.4,0.2146,0.541,
PT00473,case,1,hcc,0.296793,0.211403,0.491804,99768,899622,78.0,0.3335,0.41,
PT00474,control,0,control,0.352297,0.465847,0.181856,100295,899250,66.4,0.2003,0.847,
PT00475,case,2,liver,0.550163,0.25434,0.195497,99683,899229,12.9,0.1213,0.032,45.4
PT00476,case,2,hcc,0.244875,0.530328,0.224797,99451,899542,54.5,0.0521,0.179,63.6
PT00477,case,1,hcc,0.357374,0.53315,0.109476,100025,900012,81.7,0.3319,0.27,
PT00478,case,3,control,0.222371,0.502433,0.275196,99800,899276,35.2,0.1496,0.167,57.3
PT00479,control,1,hcc,0.401968,0.573572,0.02446,100193,899538,51.8,0.0679,0.451,63.1
PT00480,control,2,control,0.495155,0.349821,0.155025,99939,899755,34.3,0.1326,0.372,54.0
PT00481,control,1,control,0.258219,0.129694,0.612087,100218,899659,77.3,0.0794,0.288,65.0
PT00482,case,2,hcc,0.401012,0.508333,0.090655,100497,900855,68.6,0.2201,0.247,67.5
PT00483,case,3,control,0.337901,0.150218,0.51188,100270,899489,28.2,0.2725,0.024,55.5
PT00484,control,1,control,0.425086,0.458251,0.116662,99771,901767,92.6,0.2582,0.36,59.2
PT00485,case,3,control,0.495577,0.199941,0.304483,99836,901031,16.3,0.2937,0.342,71.5
PT00486,control,3,liver,0.395422,0.046743,0.557836,99766,899704,14.7,0.3237,0.054,54.7
PT00487,case,0,hcc,0.629552,0.299799,0.070649,100145,899259,80.2,0.0771,0.547,58.1
PT00488,control,1,hcc,0.402911,0.44778,0.149309,99881,898888,20.9,0.0749,0.359,54.6
PT00489,case,3,hcc,0.609924,0.170044,0.220032,100125,897768,30.1,0.3201,0.356,45.0
PT00490,case,0,control,0.605198,0.376007,0.018795,99493,899343,47.7,0.1518,0.164,57.1
PT00491,case,0,liver,0.201447,0.632517,0.166036,100432,900445,77.1,0.11,0.499,72.4
PT00492,case,1,hcc,0.417289,0.461499,0.121212,99988,900728,69.5,0.1364,0.027,49.7
PT00493,control,2,liver,0.480242,0.449893,0.069865,100758,900145,76.7,0.066,0.254,46.3
PT00494,control,0,liver,0.551855,0.174323,0.273822,100127,898555,17.6,0.2352,0.697,
PT00495,control,3,control,0.468434,0.399593,0.131973,99869,900686,78.9,0.1953,0.9,58.5
PT00496,case,2,hcc,0.342451,0.489372,0.168177,99834,899159,79.0,0.1476,0.328,68.0
PT00497,control,0,liver,0.413212,0.363971,0.222817,99971,900298,20.4,0.0847,0.603,58.0
PT00498,control,2,hcc,0.476223,0.416842,0.106935,100039,899550,57.8,0.2147,0.105,49.2
PT00499,control,1,control,0.641407,0.31625,0.042344,100268,899813,61.5,0.0446,0.224,51.4
PT00500,control,2,control,0.385743,0.365293,0.248964,100334,898178,81.3,0.2716,0.707,56.4
PT00501,control,1,liver,0.623186,0.185956,0.190858,100226,900216,77.6,0.3525,0.185,78.0
PT00502,control,1,hcc,0.556502,0.367068,0.07643,99845,900061,45.8,0.0549,0.356,61.3
PT00503,case,0,liver,0.50489,0.378329,0.11678,99938,900440,53.1,0.1323,0.432,54.8
PT00504,case,1,control,0.455807,0.27925,0.264943,100108,898406,28.8,0.38,0.265,36.1
PT00505,case,3,hcc,0.459632,0.154162,0.386206,100014,900278,14.4,0.0726,0.299,
PT00506,case,0,liver,0.264273,0.386441,0.349286,100501,902346,72.3,0.5265,0.158,56.9
PT00507,case,1,control,0.637249,0.179393,0.183358,99716,899217,39.2,0.0551,0.332,
PT00508,control,1,control,0.382679,0.516316,0.101005,99442,900036,28.9,0.2136,0.193,73.3
PT00509,case,1,hcc,0.304326,0.57701,0.118664,100160,899501,32.2,0.1757,0.029,39.3
PT00510,case,3,control,0.663038,0.148199,0.188763,100193,899419,11.2,0.3133,0.457,50.6
PT00511,control,3,hcc,0.554331,0.289042,0.156627,100123,900252,49.9,0.0966,0.559,76.9
PT00512,case,3,control,0.192551,0.584011,0.223438,99722,900792,86.0,0.0544,0.487,48.8
PT00513,case,3,control,0.332605,0.262021,0.405374,99938,900247,24.9,0.3427,0.427,64.5
PT00514,case,1,control,0.521961,0.266555,0.211484,99833,899692,96.8,0.3031,0.409,46.3
PT00515,case,1,control,0.1569,0.168459,0.674641,100237,900668,64.1,0.262,0.413,55.3
PT00516,case,2,liver,0.54668,0.208506,0.244814,99903,898273,73.0,0.1446,0.322,61.8
PT00517,case,1,control,0.155899,0.384822,0.459279,99789,900836,59.1,0.0452,0.439,76.8
PT00518,case,3,hcc,0.361636,0.139812,0.498552,100179,901408,97.0,0.0895,0.55,69.2
PT00519,control,0,control,0.756986,0.080228,0.162787,99806,899565,12.0,0.3568,0.356,58.5
PT00520,case,1,hcc,0.801291,0.074153,0.124556,100279,899688,53.8,0.0894,0.337,39.4
PT00521,control,1,control,0.401008,0.530261,0.068731,100216,901056,53.4,0.2541,0.289,47.8
PT00522,control,1,liver,0.585642,0.122027,0.29233,99909,899684,27.8,0.2178,0.904,59.9
PT00523,control,2,control,0.499206,0.443781,0.057013,100601,898724,96.6,0.2832,0.845,77.8
PT00524,case,1,hcc,0.424369,0.459651,0.11598,99860,899025,71.9,0.2835,0.309,78.1
PT00525,control,1,control,0.555735,0.431633,0.012632,100151,901178,57.0,0.0749,0.864,55.9
PT00526,control,2,liver,0.121735,0.626328,0.251938,100003,899444,47.3,0.1152,0.622,75.0
PT00527,control,3,control,0.085085,0.327331,0.587584,100088,901627,84.0,0.2482,0.797,50.2
PT00528,case,0,hcc,0.46626,0.478889,0.054851,99831,900303,71.9,0.0655,0.46,78.5
PT00529,case,1,liver,0.401659,0.249616,0.348724,99760,901833,96.0,0.2702,0.165,83.4
PT00530,control,3,control,0.217681,0.559166,0.223152,100284,901885,21.7,0.1215,0.942,53.0
PT00531,control,1,liver,0.777,0.210583,0.012417,99728,901921,80.2,0.0686,0.66,72.2
PT00532,case,3,control,0.807769,0.105044,0.087187,100798,898749,68.1,0.2124,0.524,50.1
PT00533,case,0,hcc,0.316585,0.423193,0.260222,99670,899350,63.8,0.1143,0.209,59.9
PT00534,control,1,control,0.302102,0.494379,0.203519,99846,899305,55.8,0.1373,0.97,67.2
PT00535,case,2,hcc,0.206211,0.763417,0.030372,100488,900801,41.7,0.335,0.014,24.2
PT00536,control,2,liver,0.371168,0.194912,0.43392,99729,898849,79.5,0.1833,0.547,
PT00537,control,3,hcc,0.118877,0.146845,0.734278,99452,900004,62.4,0.2325,0.817,56.7
PT00538,control,3,liver,0.748493,0.171043,0.080464,99967,901025,28.0,0.0231,0.903,82.7
PT00539,control,0,hcc,0.51228,0.435944,0.051776,99594,899540,50.1,0.253,0.152,49.8
PT00540,control,0,control,0.57203,0.302865,0.125106,100122,898708,30.7,0.1448,0.063,42.7
PT00541,case,3,control,0.369556,0.453304,0.17714,100241,900015,77.8,0.2708,0.34,46.1
PT00542,control,1,control,0.449293,0.191448,0.359259,100269,900924,83.0,0.2435,0.401,54.0
PT00543,control,3,hcc,0.422979,0.411347,0.165674,99972,901749,89.0,0.2542,0.502,44.8
PT00544,case,1,control,0.445032,0.321075,0.233893,100113,898051,93.0,0.1771,0.335,75.9
PT00545,case,2,control,0.445161,0.420713,0.134126,100379,901710,38.3,0.5749,0.422,67.2
PT00546,case,2,control,0.621469,0.290233,0.088298,99978,900818,82.1,0.2271,0.145,
PT00547,control,1,liver,0.479661,0.232233,0.288106,99903,900550,93.9,0.1667,0.899,66.5
PT00548,case,2,liver,0.461355,0.356261,0.182383,100202,900921,72.8,0.029,0.509,
PT00549,case,1,control,0.490238,0.087014,0.422748,100340,901209,55.5,0.2792,0.15,45.1
PT00550,case,1,control,0.392314,0.442941,0.164745,100437,898351,71.9,0.1641,0.002,68.0
PT00551,control,3,control,0.513249,0.164992,0.321758,100491,900181,76.4,0.1225,0.445,55.4
PT00552,case,1,control,0.565293,0.092544,0.342163,99941,900690,36.3,0.2556,0.274,62.1
PT00553,case,3,control,0.382547,0.439007,0.178446,100043,899987,89.4,0.0693,0.445,68.9
PT00554,case,3,hcc,0.191496,0.372577,0.435926,99950,900022,75.7,0.2148,0.367,61.4
PT00555,control,3,control,0.496091,0.452982,0.050927,99749,901016,67.7,0.158,0.926,71.1
PT00556,control,0,liver,0.41496,0.098433,0.486607,100112,899273,32.8,0.4904,0.061,74.1
PT00557,control,0,liver,0.259183,0.285122,0.455695,99687,900666,26.4,0.1834,0.978,60.8
PT00558,case,0,liver,0.477057,0.328067,0.194876,100185,899522,29.9,0.3376,0.289,
PT00559,control,0,control,0.6791,0.244461,0.076439,99702,898770,46.6,0.2627,0.032,56.7
PT00560,case,1,control,0.446466,0.436352,0.117182,100045,901371,96.2,0.0751,0.037,70.7
PT00561,case,1,hcc,0.448719,0.335792,0.215489,99969,900124,51.8,0.0801,0.054,60.6
PT00562,control,0,liver,0.397273,0.315306,0.287421,100211,899435,95.3,0.2631,0.35,66.1
PT00563,control,3,liver,0.36664,0.411862,0.221498,100467,898430,43.8,0.3257,0.678,56.6
PT00564,case,0,hcc,0.706838,0.182326,0.110835,100096,899415,77.9,0.1248,0.249,54.5
PT00565,case,2,hcc,0.478035,0.125491,0.396473,100533,900681,64.0,0.5006,0.148,
PT00566,case,1,control,0.341331,0.360742,0.297927,99964,899178,52.0,0.3285,0.071,47.5
PT00567,control,0,liver,0.64704,0.154046,0.198914,99636,899371,60.0,0.1187,0.581,63.0
PT00568,control,2,control,0.468873,0.453095,0.078033,100007,899783,21.2,0.3277,0.034,82.4
PT00569,control,3,liver,0.404335,0.376546,0.219119,99729,900437,21.3,0.0724,0.53,60.0
PT00570,case,1,liver,0.536658,0.431081,0.032261,100014,901263,53.9,0.212,0.349,46.9
PT00571,control,2,liver,0.398633,0.391626,0.209741,99692,901278,90.6,0.0871,0.897,41.6
PT00572,control,1,control,0.414554,0.079066,0.50638,100195,900675,84.1,0.3161,0.068,71.6
PT00573,case,1,control,0.274154,0.404796,0.32105,99979,899495,31.2,0.2859,0.384,60.9
PT00574,case,3,liver,0.380335,0.27292,0.346745,100357,899732,63.4,0.1128,0.204,84.0
PT00575,control,1,hcc,0.461851,0.214115,0.324033,100230,898881,42.9,0.0216,0.606,59.3
PT00576,control,1,control,0.360728,0.592483,0.04679,100166,900134,83.7,0.0688,0.418,
PT00577,case,0,control,0.162241,0.222486,0.615274,100309,901077,50.6,0.0242,0.513,
PT00578,case,3,control,0.16799,0.555882,0.276128,100261,901835,82.2,0.1735,0.007,69.5
PT00579,case,0,hcc,0.534401,0.237645,0.227953,99619,898711,37.5,0.0144,0.416,43.6
PT00580,control,1,hcc,0.470739,0.353105,0.176156,99977,900860,36.0,0.1364,0.49,53.9
PT00581,case,1,control,0.485489,0.118243,0.396268,99746,901203,19.5,0.1521,0.294,62.3
PT00582,control,3,hcc,0.756182,0.168711,0.075107,100352,898714,81.8,0.3461,0.566,60.0
PT00583,control,3,hcc,0.620287,0.279367,0.100346,100101,899887,29.7,0.2271,0.531,
PT00584,control,3,control,0.617116,0.321194,0.061691,100189,898763,86.0,0.0407,0.298,59.1
PT00585,case,2,control,0.561086,0.395951,0.042963,100357,898613,85.5,0.0773,0.538,46.6
PT00586,control,3,control,0.584076,0.18543,0.230494,99681,900552,57.2,0.3277,0.9,
PT00587,case,2,control,0.600913,0.165677,0.23341,100074,900726,19.2,0.2019,0.179,53.5
PT00588,control,0,control,0.227691,0.465914,0.306395,99452,899911,25.0,0.2288,0.793,52.5
PT00589,control,2,liver,0.400935,0.215294,0.383771,99778,899863,59.9,0.437,0.737,61.7
PT00590,control,2,liver,0.373385,0.136495,0.49012,99888,901598,36.5,0.0408,0.787,80.6
PT00591,control,1,control,0.182622,0.548928,0.26845,100049,898577,62.7,0.4788,0.071,64.2
PT00592,case,1,control,0.257379,0.09491,0.64771,99566,902194,56.7,0.3179,0.349,
PT00593,case,0,liver,0.439688,0.460268,0.100044,100191,900403,77.8,0.0294,0.075,44.2
PT00594,control,2,hcc,0.564459,0.352788,0.082753,99962,899487,57.0,0.1121,0.967,74.0
PT00595,case,3,control,0.469257,0.459855,0.070888,100018,899919,71.4,0.1225,0.34,59.8
PT00596,case,2,control,0.437735,0.189137,0.373128,99690,899867,27.8,0.0754,0.374,51.0
PT00597,control,1,liver,0.504944,0.304482,0.190574,99804,898823,23.3,0.2242,0.492,66.9
PT00598,case,3,hcc,0.697872,0.101189,0.200939,99953,900044,73.4,0.0609,0.112,62.4
PT00599,case,3,liver,0.404662,0.302898,0.29244,99877,900140,97.9,0.0429,0.184,63.5
PT00600,control,0,control,0.399596,0.166282,0.434122,100053,899975,32.9,0.0582,0.399,72.6
PT00601,control,3,hcc,0.413999,0.361547,0.224454,99755,899996,13.8,0.1693,0.422,70.5
PT00602,control,0,hcc,0.66815,0.21954,0.11231,100161,899844,35.9,0.2415,0.549,94.2
PT00603,control,1,hcc,0.656379,0.177596,0.166025,99980,899943,26.2,0.1868,0.725,66.2
PT00604,control,2,control,0.357544,0.34161,0.300846,99811,901074,18.7,0.0716,0.612,56.2
PT00605,case,3,control,0.278509,0.247295,0.474196,100276,898946,37.2,0.1575,0.454,59.3
PT00606,case,3,hcc,0.386504,0.173549,0.439947,100127,899039,40.3,0.1047,0.308,57.0
PT00607,control,0,hcc,0.652228,0.268309,0.079463,100075,901948,33.6,0.3119,0.531,71.5
PT00608,case,3,hcc,0.594914,0.216166,0.18892,100025,900119,70.5,0.1516,0.027,49.4
PT00609,control,2,hcc,0.641529,0.237202,0.121268,99386,900207,23.4,0.0828,0.673,47.9
PT00610,case,1,control,0.523775,0.205652,0.270572,100420,898647,37.1,0.6316,0.022,60.6
PT00611,control,1,control,0.515905,0.318914,0.165181,99566,899708,38.4,0.1653,0.903,49.8
PT00612,control,2,control,0.349357,0.559629,0.091014,99689,899419,16.7,0.2591,0.018,70.2
PT00613,control,3,control,0.527667,0.275427,0.196906,99418,900641,32.2,0.1551,0.992,53.1
PT00614,control,3,control,0.310039,0.511698,0.178263,100231,899462,83.4,0.0544,0.603,53.3
PT00615,case,0,hcc,0.462738,0.336579,0.200683,100397,899743,85.4,0.2159,0.397,43.1
PT00616,case,0,liver,0.201963,0.338006,0.460031,100285,899299,72.3,0.3734,0.425,62.8
PT00617,control,3,hcc,0.76748,0.173028,0.059492,99935,899542,83.9,0.2798,0.457,50.9
PT00618,case,0,liver,0.251762,0.406623,0.341615,100096,899777,46.8,0.1971,0.085,76.3
PT00619,control,3,hcc,0.269901,0.414742,0.315358,100034,899100,98.2,0.1884,0.715,63.9
PT00620,case,2,hcc,0.584899,0.273043,0.142059,100186,899482,49.0,0.2772,0.46,23.6
PT00621,control,3,hcc,0.522268,0.361477,0.116255,100423,900610,54.3,0.3004,0.709,66.5
PT00622,control,2,hcc,0.154642,0.598164,0.247194,99635,899848,45.0,0.1924,0.212,32.8
PT00623,control,3,liver,0.307273,0.351126,0.341601,99557,899187,52.8,0.1235,0.889,63.7
PT00624,control,3,hcc,0.516042,0.39645,0.087507,99581,899119,29.3,0.1632,0.676,56.9
PT00625,case,3,control,0.059429,0.618989,0.321582,100123,899477,28.2,0.0513,0.034,66.8
PT00626,case,1,control,0.257168,0.518065,0.224767,100252,900480,20.1,0.0947,0.197,64.0
PT00627,control,1,hcc,0.433957,0.225177,0.340867,100089,899066,81.6,0.097,0.956,57.2
PT00628,control,0,control,0.288292,0.648705,0.063002,100220,898155,32.6,0.3474,0.597,46.7
PT00629,case,0,control,0.727423,0.139574,0.133003,100340,901508,70.5,0.3723,0.359,65.1
PT00630,control,3,control,0.436731,0.295887,0.267382,100085,898902,35.9,0.2744,0.681,61.6
PT00631,case,1,hcc,0.427502,0.226196,0.346302,100180,899868,58.3,0.1804,0.439,73.0
PT00632,control,1,control,0.266452,0.606258,0.12729,100344,901026,85.1,0.225,0.002,68.7
PT00633,control,0,control,0.377353,0.257122,0.365526,100272,899956,34.5,0.0458,0.889,
PT00634,case,0,liver,0.510013,0.409812,0.080174,99956,900155,19.9,0.1512,0.194,75.9
PT00635,control,1,hcc,0.570101,0.332581,0.097318,99713,897964,58.7,0.3883,0.3,
PT00636,case,0,control,0.507181,0.255853,0.236966,100209,898338,50.1,0.374,0.445,
PT00637,control,3,control,0.45099,0.232175,0.316836,100198,900076,80.0,0.0441,0.189,70.4
PT00638,case,0,liver,0.323983,0.539188,0.136829,100009,899929,28.3,0.0817,0.267,74.9
PT00639,case,2,control,0.549916,0.292373,0.157712,100042,900264,69.2,0.4922,0.265,66.1
PT00640,control,2,control,0.676881,0.246467,0.076652,99845,898190,71.0,0.5515,0.327,64.4
PT00641,control,2,control,0.347044,0.397846,0.25511,100399,902711,37.0,0.3316,0.836,74.6
PT00642,control,3,hcc,0.442034,0.232997,0.324969,100231,899339,84.2,0.2107,0.07,80.7
PT00643,case,1,liver,0.638369,0.141385,0.220246,100021,901417,50.4,0.0457,0.031,76.1
PT00644,case,3,hcc,0.345455,0.598589,0.055957,99561,898511,90.7,0.0384,0.191,64.3
PT00645,case,1,control,0.349635,0.577205,0.07316,100137,900316,76.4,0.03,0.191,57.0
PT00646,case,1,liver,0.712583,0.126611,0.160806,100371,899036,54.9,0.3062,0.539,75.3
PT00647,case,1,control,0.204674,0.515929,0.279397,100582,899254,43.3,0.0807,0.31,61.3
PT00648,control,2,control,0.353596,0.31975,0.326654,99182,900371,66.6,0.1158,0.376,60.8
PT00649,control,0,hcc,0.27098,0.429292,0.299728,100195,899203,35.7,0.1216,0.337,
PT00650,case,1,control,0.541161,0.145952,0.312887,99598,899256,73.1,0.0438,0.197,79.2
PT00651,control,3,control,0.280597,0.298121,0.421282,100205,899136,74.7,0.2163,0.353,59.1
PT00652,case,0,control,0.499208,0.402138,0.098654,99635,899699,57.6,0.1166,0.366,61.3
PT00653,case,0,control,0.474154,0.410698,0.115149,100204,900850,21.5,0.2504,0.537,58.9
PT00654,case,2,control,0.274207,0.477427,0.248366,100435,899617,54.2,0.1265,0.088,
PT00655,control,0,control,0.492434,0.388043,0.119523,99954,899539,51.7,0.0917,0.519,
PT00656,control,2,hcc,0.384741,0.442692,0.172567,99934,900539,71.8,0.0947,0.623,61.2
PT00657,case,2,hcc,0.451246,0.239626,0.309128,100021,899257,58.7,0.1221,0.206,58.8
PT00658,case,0,liver,0.438302,0.236378,0.32532,100339,900360,57.5,0.0324,0.175,52.4
PT00659,control,1,hcc,0.470816,0.298704,0.230479,100069,898594,31.4,0.1046,0.429,64.5
PT00660,control,2,liver,0.396391,0.528536,0.075073,99701,896665,18.1,0.0825,0.524,56.1
PT00661,case,0,control,0.29285,0.206211,0.500939,99809,899638,59.7,0.2088,0.215,68.1
PT00662,control,1,liver,0.317524,0.584176,0.098299,100040,901484,25.8,0.1439,0.454,59.7
PT00663,control,3,control,0.16671,0.590442,0.242849,100057,900094,66.0,0.37,0.233,78.6
PT00664,control,3,liver,0.616449,0.282432,0.101119,100066,899620,81.0,0.2722,0.347,71.2
PT00665,case,2,hcc,0.291243,0.303883,0.404874,99758,898203,41.8,0.2514,0.392,54.9
PT00666,control,3,control,0.316964,0.326989,0.356047,99918,899570,21.1,0.1581,0.95,53.0
PT00667,control,1,hcc,0.193361,0.51657,0.290069,100058,900311,27.7,0.2691,0.037,61.4
PT00668,control,1,hcc,0.781566,0.133465,0.084969,99673,900409,74.8,0.1887,0.563,73.8
PT00669,control,3,control,0.545845,0.204271,0.249885,100096,900286,70.9,0.1087,0.255,58.0
PT00670,control,0,control,0.458539,0.12277,0.418691,100160,900030,63.8,0.2804,0.673,44.5
PT00671,control,2,hcc,0.630494,0.155645,0.213861,100040,900772,38.5,0.4087,0.876,59.8
PT00672,case,1,control,0.798671,0.092226,0.109103,99950,898652,48.8,0.0624,0.212,
PT00673,case,0,control,0.302038,0.623903,0.07406,99752,899849,65.0,0.1357,0.295,61.7
PT00674,control,1,hcc,0.447874,0.519874,0.032252,100610,899938,39.9,0.0941,0.148,74.5
PT00675,control,0,control,0.747051,0.148387,0.104561,99796,900481,94.3,0.3976,0.992,63.0
PT00676,control,2,control,0.289534,0.082165,0.628301,100164,898709,78.0,0.6315,0.066,59.1
PT00677,control,0,hcc,0.791892,0.112658,0.09545,99668,899858,23.7,0.1784,0.868,49.4
PT00678,case,1,hcc,0.138703,0.611315,0.249982,99945,901055,71.0,0.0977,0.51,51.8
PT00679,control,1,control,0.25237,0.343484,0.404146,99834,898071,27.6,0.0514,0.43,65.0
PT00680,case,3,hcc,0.375728,0.389178,0.235094,100109,899115,86.3,0.3236,0.089,64.1
PT00681,control,1,control,0.465968,0.163335,0.370698,99517,900938,39.7,0.2765,0.053,57.0
PT00682,control,1,control,0.680724,0.142632,0.176644,100106,901256,83.1,0.4292,0.67,60.0
PT00683,case,0,control,0.403669,0.264446,0.331886,99820,899194,39.1,0.2399,0.215,46.2
PT00684,case,1,liver,0.341123,0.260739,0.398137,99741,902095,48.9,0.0395,0.466,42.0
PT00685,control,3,control,0.61429,0.136663,0.249048,100335,901069,32.6,0.05,0.796,81.2
PT00686,case,2,control,0.250279,0.284359,0.465362,100098,899760,67.1,0.1406,0.414,73.2
PT00687,control,2,control,0.803801,0.124435,0.071765,99827,900789,71.9,0.068,0.308,60.8
PT00688,control,1,control,0.470592,0.458814,0.070594,99977,901791,13.0,0.1205,0.713,66.2
PT00689,case,0,liver,0.41168,0.285836,0.302484,100062,900632,94.3,0.2332,0.326,39.5
PT00690,control,3,control,0.445055,0.506233,0.048712,100821,900041,91.9,0.1724,0.199,68.9
PT00691,case,0,hcc,0.458325,0.290252,0.251423,100408,900146,21.2,0.0721,0.134,53.4
PT00692,case,2,control,0.605612,0.252083,0.142305,99806,899385,29.4,0.1446,0.347,55.1
PT00693,case,0,hcc,0.157766,0.251915,0.590319,100213,899941,13.2,0.1223,0.178,49.3
PT00694,control,2,control,0.558044,0.118279,0.323677,100098,899071,24.3,0.0164,0.476,51.8
PT00695,case,1,hcc,0.555234,0.293308,0.151458,100427,899412,29.3,0.0189,0.194,
PT00696,control,1,hcc,0.16146,0.490699,0.347842,100228,899482,10.2,0.1665,0.596,46.0
PT00697,case,0,liver,0.31551,0.435925,0.248564,99804,899562,30.5,0.3542,0.288,
PT00698,case,3,control,0.441107,0.324527,0.234366,100143,899597,70.4,0.1037,0.014,63.0
PT00699,control,2,control,0.298006,0.405466,0.296528,99879,900395,70.8,0.3182,0.257,
PT00700,control,0,control,0.377896,0.463412,0.158693,99965,900381,49.9,0.3651,0.56,63.0
PT00701,control,3,hcc,0.419631,0.36434,0.216029,100185,898404,34.7,0.1436,0.776,59.7
PT00702,case,3,control,0.287954,0.656089,0.055957,99664,897733,67.9,0.0785,0.321,63.8
PT00703,control,0,hcc,0.518157,0.327292,0.154551,100148,899605,57.7,0.0743,0.684,83.3
PT00704,control,3,control,0.49755,0.393215,0.109235,100009,900149,24.9,0.1398,0.673,74.8
PT00705,case,1,hcc,0.460273,0.288598,0.251129,100180,899906,46.9,0.0224,0.3,
PT00706,case,2,control,0.63453,0.162469,0.203001,99866,898810,57.7,0.1998,0.178,39.9
PT00707,control,0,hcc,0.755405,0.231379,0.013216,100342,899954,57.8,0.2382,0.561,79.8
PT00708,case,0,liver,0.367927,0.170135,0.461939,100250,901013,77.8,0.115,0.238,
PT00709,case,3,liver,0.602982,0.249237,0.147781,99965,899273,54.3,0.2867,0.056,73.8
PT00710,case,0,hcc,0.27979,0.331194,0.389016,100100,899575,59.6,0.2402,0.52,47.0
PT00711,control,1,hcc,0.414581,0.262748,0.322671,99941,900929,27.2,0.1139,0.035,71.2
PT00712,case,2,control,0.325583,0.580699,0.093718,99482,898913,12.7,0.1015,0.286,49.9
PT00713,case,2,control,0.583269,0.331821,0.084911,100195,899442,25.2,0.0833,0.419,48.9
PT00714,control,1,control,0.622173,0.315868,0.061959,100201,899181,49.5,0.4131,0.411,78.3
PT00715,case,3,control,0.558359,0.146405,0.295236,100108,899849,47.3,0.0438,0.281,68.6
PT00716,control,1,control,0.327065,0.207575,0.46536,99594,899829,52.0,0.1065,0.59,51.8
PT00717,case,1,control,0.661373,0.214144,0.124484,99676,900539,84.2,0.1245,0.04,59.4
PT00718,control,2,control,0.371273,0.404158,0.224569,99334,900309,15.3,0.1047,0.606,47.3
PT00719,control,3,control,0.72827,0.250086,0.021644,99785,900334,77.0,0.271,0.763,59.7
PT00720,case,2,control,0.407146,0.434769,0.158085,99723,901288,38.8,0.2735,0.115,
PT00721,control,3,hcc,0.364568,0.434055,0.201377,99838,901151,87.1,0.0521,0.66,
PT00722,case,2,liver,0.512706,0.229876,0.257418,99976,899704,92.8,0.2459,0.316,55.0
PT00723,case,0,control,0.377152,0.071492,0.551356,100353,899205,17.2,0.295,0.345,49.9
PT00724,control,0,liver,0.499829,0.393192,0.10698,99812,899982,55.0,0.0297,0.021,63.6
PT00725,case,3,control,0.254146,0.398116,0.347738,100436,901071,10.6,0.0654,0.491,56.0
PT00726,case,0,control,0.582418,0.07633,0.341252,99986,899213,60.3,0.3938,0.162,53.5
PT00727,case,1,liver,0.445696,0.443646,0.110658,100086,900104,68.5,0.1802,0.465,38.9
PT00728,case,3,liver,0.541509,0.400963,0.057528,99682,902663,16.0,0.2256,0.435,80.5
PT00729,control,2,hcc,0.225996,0.568912,0.205091,100111,900078,22.1,0.1546,0.532,
PT00730,case,2,liver,0.325121,0.444882,0.229996,99944,901462,10.4,0.1514,0.248,
PT00731,case,3,control,0.187068,0.624952,0.18798,100330,900874,12.0,0.2361,0.375,50.9
PT00732,case,2,control,0.140181,0.529489,0.33033,99619,899356,98.6,0.2461,0.381,58.8
PT00733,case,1,control,0.440153,0.297374,0.262473,99846,899931,29.1,0.2791,0.37,49.4
PT00734,case,0,liver,0.679566,0.255388,0.065046,100017,898292,68.8,0.1416,0.254,33.0
PT00735,case,1,control,0.669321,0.262743,0.067937,99475,901050,93.3,0.2503,0.043,57.8
PT00736,control,0,hcc,0.559449,0.396602,0.043949,99464,900174,72.4,0.1949,0.972,
PT00737,case,0,liver,0.567599,0.313922,0.118479,100512,900193,46.3,0.1174,0.123,83.2
PT00738,case,3,control,0.46937,0.177286,0.353343,100034,900449,25.6,0.16,0.33,38.2
PT00739,case,3,control,0.381036,0.387758,0.231206,99776,900040,83.5,0.1034,0.019,
PT00740,case,1,liver,0.507512,0.219459,0.273029,100199,901542,51.0,0.2463,0.097,70.9
PT00741,case,0,control,0.084409,0.562293,0.353298,100066,899300,53.9,0.2623,0.327,62.9
PT00742,control,3,hcc,0.503916,0.251794,0.24429,99522,900586,57.7,0.2222,0.643,68.0
PT00743,case,0,control,0.297054,0.575431,0.127514,100305,900864,32.9,0.1815,0.47,73.6
PT00744,case,1,control,0.632719,0.274159,0.093122,99519,899922,95.1,0.0132,0.181,40.9
PT00745,case,1,hcc,0.394501,0.484375,0.121124,99560,900845,61.2,0.2464,0.05,
PT00746,case,3,control,0.660597,0.189665,0.149738,99895,900146,42.9,0.1636,0.456,63.1
PT00747,case,1,liver,0.698269,0.276354,0.025377,99815,899550,97.7,0.1379,0.076,
PT00748,case,1,hcc,0.342445,0.42179,0.235765,99968,901365,30.3,0.0527,0.336,71.8
PT00749,control,0,control,0.419769,0.496376,0.083855,99511,900114,55.7,0.0817,0.482,53.5
PT00750,control,1,control,0.664894,0.180911,0.154195,99871,899022,28.6,0.2187,0.744,48.4
PT00751,case,0,control,0.727393,0.128866,0.143741,99830,900125,11.8,0.2169,0.302,53.9
PT00752,case,0,hcc,0.527703,0.343387,0.12891,99865,900230,92.2,0.3051,0.396,42.4
PT00753,control,1,control,0.702924,0.214486,0.08259,99710,900469,98.5,0.2311,0.676,66.7
PT00754,control,1,control,0.468942,0.213825,0.317233,100350,899145,36.5,0.211,0.243,56.2
PT00755,case,3,control,0.521524,0.107136,0.37134,99847,900779,96.0,0.0914,0.416,51.0
PT00756,control,3,hcc,0.488676,0.148601,0.362724,99561,901121,44.8,0.0667,0.809,61.8
PT00757,control,1,hcc,0.296781,0.285563,0.417656,99500,899301,51.0,0.1542,0.812,56.9
PT00758,control,0,hcc,0.479019,0.36751,0.15347,100140,899810,17.2,0.0948,0.815,72.1
PT00759,control,1,control,0.40789,0.264457,0.327654,100485,900292,25.2,0.029,0.464,75.3
PT00760,case,0,control,0.369838,0.470894,0.159268,99723,899985,37.4,0.2263,0.061,58.6
PT00761,control,3,control,0.166502,0.377578,0.45592,100305,900682,18.1,0.5342,0.544,
PT00762,control,3,liver,0.649029,0.183544,0.167426,99850,900288,93.2,0.2118,0.825,
PT00763,control,3,hcc,0.618978,0.280404,0.100618,100275,899322,13.0,0.1217,0.303,70.8
PT00764,control,3,control,0.751588,0.176736,0.071675,99415,900629,57.1,0.1645,0.2,73.0
PT00765,control,2,control,0.534376,0.388331,0.077293,99861,899526,86.2,0.2702,0.101,55.4
PT00766,control,2,liver,0.600212,0.109236,0.290552,100529,900468,98.7,0.2703,0.569,48.5
PT00767,control,2,liver,0.616481,0.118558,0.264962,100336,899845,28.3,0.1059,0.636,32.3
PT00768,case,0,control,0.423771,0.510739,0.065489,99796,900992,14.4,0.2661,0.443,58.2
PT00769,control,3,control,0.254026,0.508787,0.237187,100624,901968,49.5,0.1632,0.897,54.4
PT00770,control,0,control,0.646956,0.326128,0.026916,100072,899041,54.8,0.3403,0.711,62.2
PT00771,case,3,control,0.406835,0.370153,0.223012,99990,900108,54.2,0.2476,0.141,52.9
PT00772,case,2,liver,0.479268,0.412261,0.108471,99750,900067,95.1,0.1864,0.334,41.0
PT00773,case,0,liver,0.517467,0.450361,0.032172,99155,899962,21.8,0.1424,0.467,55.0
PT00774,control,3,hcc,0.420646,0.557427,0.021927,100008,899674,52.2,0.5793,0.363,63.4
PT00775,case,3,liver,0.45894,0.417286,0.123774,99563,901061,37.9,0.28,0.226,32.0
PT00776,case,1,liver,0.226762,0.579051,0.194187,99634,901907,28.8,0.1597,0.346,63.6
PT00777,control,3,liver,0.621631,0.092885,0.285484,99953,899533,54.1,0.1925,0.506,
PT00778,case,1,liver,0.522809,0.312681,0.16451,99950,899378,57.5,0.4637,0.192,70.4
PT00779,case,0,hcc,0.776126,0.104907,0.118967,99773,899873,21.8,0.1401,0.263,51.7
PT00780,control,2,hcc,0.584149,0.303435,0.112416,100061,900078,79.9,0.1902,0.117,52.4
PT00781,control,1,control,0.413656,0.344748,0.241597,99865,898811,64.0,0.1601,0.569,65.8
PT00782,control,3,control,0.417701,0.169083,0.413216,100264,899175,44.7,0.1948,0.389,49.6
PT00783,control,3,hcc,0.529515,0.458925,0.011559,100069,899633,57.8,0.2701,0.79,73.7
PT00784,control,3,liver,0.441615,0.330136,0.228249,100395,896796,92.1,0.1682,0.603,45.1
PT00785,control,2,hcc,0.330081,0.292893,0.377025,100216,899985,79.2,0.1786,0.763,48.8
PT00786,case,3,control,0.370776,0.512353,0.116871,99993,899214,33.2,0.3291,0.262,49.0
PT00787,control,1,control,0.469529,0.422284,0.108187,99697,900522,78.1,0.0537,0.766,
PT00788,case,3,control,0.247553,0.599141,0.153305,99875,901921,69.0,0.33,0.195,
PT00789,case,2,control,0.318103,0.301407,0.380489,99610,901586,50.2,0.0575,0.265,75.4
PT00790,control,2,liver,0.230598,0.560135,0.209267,99633,899385,25.4,0.1653,0.612,
PT00791,control,3,hcc,0.394217,0.394946,0.210837,100109,900311,40.2,0.0795,0.53,67.7
PT00792,control,1,liver,0.330037,0.378693,0.29127,100056,900674,40.8,0.5524,0.715,53.5
PT00793,case,3,control,0.614122,0.26935,0.116528,99862,900150,47.5,0.0348,0.515,70.4
PT00794,control,1,hcc,0.712983,0.161446,0.125571,100393,899046,12.6,0.3124,0.084,44.0
PT00795,control,1,hcc,0.434919,0.281192,0.283889,99831,897801,67.3,0.1133,0.31,36.9
PT00796,control,0,control,0.523303,0.363633,0.113064,100117,900218,88.7,0.1361,0.886,55.7
PT00797,case,1,control,0.42659,0.253217,0.320192,99775,901656,47.4,0.2066,0.235,52.3
PT00798,control,2,control,0.527299,0.401618,0.071082,100218,900012,39.0,0.0806,0.756,50.9
PT00799,case,3,hcc,0.506462,0.485284,0.008254,100007,899669,54.5,0.3704,0.089,66.6
PT00800,control,1,hcc,0.471218,0.332854,0.195928,99931,901064,76.0,0.3128,0.384,
PT00801,control,3,control,0.267905,0.493804,0.238292,100331,899779,94.0,0.2976,0.375,29.5
PT00802,case,1,control,0.347726,0.483616,0.168658,99532,900087,72.1,0.0857,0.333,54.2
PT00803,control,3,hcc,0.553593,0.417571,0.028837,99860,900240,77.3,0.1535,0.376,38.8
PT00804,case,3,hcc,0.614402,0.301255,0.084343,100380,899441,16.4,0.3459,0.438,58.7
PT00805,control,1,control,0.223073,0.388253,0.388674,99885,898728,37.5,0.2224,0.524,51.4
PT00806,case,1,liver,0.237036,0.647876,0.115087,100159,899775,54.9,0.2694,0.417,38.8
PT00807,control,0,control,0.385494,0.442551,0.171955,100136,899920,22.8,0.3091,0.148,74.8
PT00808,case,0,control,0.286229,0.335349,0.378422,100265,899655,42.5,0.3336,0.334,69.2
PT00809,case,2,control,0.228333,0.380176,0.391491,99778,900703,24.1,0.2101,0.179,70.3
PT00810,case,0,control,0.64,0.270841,0.089159,100531,898516,79.0,0.3464,0.021,44.0
PT00811,case,2,control,0.103921,0.449267,0.446812,100362,902406,60.7,0.0681,0.195,72.4
PT00812,control,1,liver,0.163547,0.48647,0.349984,99578,899905,39.3,0.3627,0.069,65.2
PT00813,control,1,liver,0.379398,0.195961,0.424641,99900,899264,83.5,0.6776,0.554,59.3
PT00814,control,1,control,0.513092,0.43464,0.052269,99945,898713,94.3,0.2098,0.013,61.9
PT00815,case,1,control,0.391933,0.445182,0.162885,99800,900023,18.4,0.0786,0.424,49.9
PT00816,control,1,control,0.398006,0.499238,0.102756,100021,900808,26.6,0.1769,0.808,66.1
PT00817,control,2,hcc,0.536585,0.202883,0.260532,100465,899150,19.8,0.0841,0.785,49.1
PT00818,control,0,control,0.289871,0.436016,0.274114,100541,899861,55.0,0.5248,0.383,84.1
PT00819,case,0,control,0.645314,0.242005,0.112681,100232,899942,79.9,0.1255,0.515,60.8
PT00820,case,2,hcc,0.180206,0.362463,0.45733,99721,897188,13.5,0.2869,0.176,48.5
PT00821,case,3,control,0.441279,0.202829,0.355892,99599,900406,54.7,0.1377,0.384,39.3
PT00822,case,3,control,0.561102,0.287977,0.150921,99629,899581,89.7,0.0669,0.519,47.5
PT00823,case,1,hcc,0.25032,0.370816,0.378864,100438,899409,85.8,0.2015,0.026,57.0
PT00824,control,1,control,0.099182,0.559942,0.340876,100281,902283,37.9,0.1405,0.219,63.9
PT00825,control,2,control,0.504539,0.348649,0.146812,99791,898583,13.9,0.351,0.322,55.3
PT00826,case,3,hcc,0.354028,0.211818,0.434154,99361,898529,41.3,0.2571,0.526,58.2
PT00827,control,0,hcc,0.174169,0.51906,0.306771,99611,898394,44.9,0.1144,0.129,65.8
PT00828,control,0,control,0.384205,0.402289,0.213506,99739,899617,36.5,0.0596,0.383,54.0
PT00829,control,0,liver,0.484458,0.315984,0.199558,99746,899317,39.9,0.1257,0.311,73.5
PT00830,case,0,liver,0.429132,0.405787,0.165081,99450,900515,82.9,0.1655,0.392,61.4
PT00831,case,1,control,0.450261,0.394006,0.155733,100164,899745,49.9,0.2807,0.484,64.5
PT00832,case,0,liver,0.427407,0.35281,0.219783,99722,898983,52.6,0.2358,0.501,
PT00833,control,1,hcc,0.525312,0.19957,0.275119,100191,900102,74.9,0.1933,0.841,61.2
PT00834,control,3,hcc,0.363862,0.411671,0.224467,100368,899954,23.1,0.2721,0.509,60.4
PT00835,case,3,liver,0.528156,0.275749,0.196094,100166,898824,69.9,0.048,0.272,79.2
PT00836,control,0,liver,0.118857,0.416497,0.464646,100240,899916,86.7,0.1444,0.979,
PT00837,control,3,hcc,0.644612,0.287898,0.06749,100247,899980,28.4,0.5126,0.232,55.1
PT00838,case,3,control,0.5311,0.188508,0.280392,100403,899851,47.1,0.1123,0.505,57.8
PT00839,case,2,hcc,0.463159,0.314008,0.222833,100273,900225,23.7,0.0866,0.127,90.5
PT00840,control,0,liver,0.136719,0.381702,0.481579,100144,898705,75.0,0.3982,0.844,38.4
PT00841,case,3,control,0.273907,0.403241,0.322852,99617,901689,96.3,0.145,0.439,42.4
PT00842,case,2,control,0.557864,0.150651,0.291486,100688,898848,32.5,0.0712,0.44,54.8
PT00843,control,0,control,0.496146,0.40093,0.102924,99966,901415,23.8,0.1632,0.956,41.5
PT00844,case,0,control,0.160229,0.609654,0.230117,100235,900727,21.6,0.3142,0.358,44.6
PT00845,case,2,control,0.379188,0.232315,0.388497,99982,899614,46.4,0.2028,0.171,60.9
PT00846,case,3,liver,0.525154,0.321133,0.153713,99789,899619,16.0,0.0639,0.253,57.0
PT00847,case,1,control,0.479531,0.406906,0.113563,99926,900125,41.7,0.3578,0.407,58.3
PT00848,control,0,control,0.158059,0.541009,0.300932,100034,899080,57.9,0.1268,0.463,71.9
PT00849,control,2,control,0.543107,0.284644,0.172249,100194,902297,30.6,0.0142,0.506,61.0
PT00850,control,0,liver,0.459302,0.104147,0.43655,100268,901060,24.4,0.1637,0.395,68.1
PT00851,case,0,hcc,0.347928,0.406563,0.245509,99948,900366,49.5,0.3685,0.183,61.3
PT00852,case,0,liver,0.658968,0.275023,0.066009,99583,899284,57.6,0.278,0.152,47.3
PT00853,control,0,hcc,0.504367,0.243472,0.25216,99844,899817,95.1,0.2002,0.39,63.1
PT00854,case,1,control,0.453013,0.301047,0.24594,99642,898714,46.4,0.1413,0.497,
PT00855,case,3,control,0.638606,0.240201,0.121192,99936,900757,98.1,0.0621,0.349,53.9
PT00856,control,0,liver,0.452568,0.392328,0.155104,99479,899294,87.7,0.1096,0.137,50.0
PT00857,case,3,liver,0.27878,0.441861,0.279359,100151,899686,61.6,0.3276,0.102,46.1
PT00858,case,1,control,0.150367,0.50375,0.345883,99955,900464,32.9,0.08,0.25,69.4
PT00859,control,3,control,0.587471,0.122209,0.29032,100009,900561,91.2,0.1331,0.845,62.5
PT00860,case,2,control,0.25337,0.279734,0.466896,100109,899554,10.4,0.1905,0.024,53.7
PT00861,case,0,control,0.308841,0.269327,0.421832,100021,899982,31.8,0.1972,0.165,60.5
PT00862,control,2,hcc,0.563723,0.220925,0.215351,99937,899057,68.7,0.0406,0.766,
PT00863,case,2,hcc,0.625432,0.189747,0.184821,100179,900353,69.3,0.0904,0.254,36.2
PT00864,control,1,hcc,0.400861,0.447219,0.15192,99926,901814,32.3,0.0641,0.714,68.3
PT00865,case,0,hcc,0.638361,0.22844,0.133199,100110,902222,80.6,0.1248,0.372,74.0
PT00866,case,1,control,0.595688,0.119958,0.284354,98976,900684,40.8,0.0615,0.181,56.3
PT00867,control,3,control,0.700207,0.239686,0.060107,100274,899253,43.5,0.0287,0.589,58.0
PT00868,case,1,liver,0.462932,0.313677,0.223391,99661,899311,12.1,0.3582,0.082,
PT00869,case,2,hcc,0.478393,0.25437,0.267237,100057,900983,49.9,0.1036,0.417,
PT00870,control,2,control,0.468059,0.37337,0.15857,100549,899459,88.1,0.1945,0.298,76.7
PT00871,control,3,control,0.227063,0.674231,0.098706,100174,899033,82.6,0.078,0.642,59.3
PT00872,control,2,control,0.345804,0.402154,0.252043,99854,898080,25.6,0.2841,0.899,51.7
PT00873,case,1,control,0.379459,0.374329,0.246212,99874,899865,65.2,0.1765,0.283,60.6
PT00874,control,1,control,0.26639,0.410221,0.323389,100478,900261,92.5,0.1614,0.316,
PT00875,control,1,liver,0.310407,0.258903,0.43069,100333,900987,11.4,0.1378,0.214,58.9
PT00876,control,0,hcc,0.255847,0.214776,0.529377,99833,900287,13.4,0.3821,0.86,60.8
PT00877,case,1,liver,0.304419,0.538339,0.157242,100090,899549,57.4,0.1417,0.084,66.9
PT00878,case,3,hcc,0.386274,0.212934,0.400791,99852,900587,69.1,0.0999,0.432,41.0
PT00879,control,2,control,0.34077,0.571194,0.088036,99534,900423,94.5,0.1256,0.709,71.8
PT00880,control,3,hcc,0.310238,0.212783,0.476979,99958,900257,31.0,0.1125,0.263,61.0
PT00881,control,3,control,0.61037,0.2243,0.16533,99839,900379,37.0,0.2174,0.101,53.5
PT00882,control,3,hcc,0.517158,0.419343,0.063499,99638,899685,88.0,0.1459,0.144,57.3
PT00883,case,2,control,0.228603,0.090608,0.680789,99833,901253,57.7,0.1925,0.113,57.5
PT00884,control,1,hcc,0.380216,0.474217,0.145567,100132,898577,60.0,0.1666,0.37,
PT00885,case,1,control,0.433171,0.378414,0.188415,99675,899870,22.0,0.3817,0.25,47.3
PT00886,case,2,control,0.380096,0.259152,0.360751,100159,899133,80.9,0.1625,0.273,62.2
PT00887,case,2,control,0.322094,0.489667,0.188239,100167,900008,60.5,0.082,0.211,77.3
PT00888,case,0,hcc,0.327118,0.159848,0.513034,99895,901314,59.8,0.2262,0.016,77.4
PT00889,case,1,hcc,0.539873,0.3177,0.142427,100012,899313,24.1,0.1492,0.353,65.5
PT00890,control,2,liver,0.384834,0.471092,0.144074,99946,902183,92.7,0.1578,0.432,
PT00891,case,0,hcc,0.581817,0.25651,0.161674,99657,902065,90.9,0.2125,0.01,55.0
PT00892,case,3,hcc,0.75984,0.026766,0.213394,99715,900200,48.5,0.1429,0.215,67.6
PT00893,control,3,liver,0.217619,0.449436,0.332946,99959,898866,28.4,0.0255,0.783,69.7
PT00894,case,1,liver,0.586366,0.222101,0.191533,99564,900741,24.2,0.1488,0.327,
PT00895,case,3,liver,0.560491,0.287224,0.152285,99697,899362,39.9,0.1635,0.412,50.7
PT00896,control,1,liver,0.404218,0.244228,0.351554,100059,899286,66.9,0.1438,0.583,54.6
PT00897,case,3,control,0.638687,0.257139,0.104173,100147,898845,55.2,0.2915,0.374,64.6
PT00898,control,3,control,0.549525,0.273104,0.17737,100255,900244,58.7,0.1837,0.048,51.6
PT00899,control,0,control,0.287715,0.339654,0.372632,100198,900188,67.1,0.1148,0.999,64.1
PT00900,case,2,hcc,0.493815,0.311543,0.194642,99610,900798,15.5,0.1553,0.018,57.5
PT00901,case,3,control,0.520103,0.141561,0.338335,100232,901330,77.7,0.0601,0.542,67.7
PT00902,case,3,hcc,0.358941,0.255932,0.385126,100415,901693,88.5,0.0437,0.102,57.5
PT00903,control,0,control,0.474975,0.364224,0.160801,99947,901082,71.2,0.3872,0.855,
PT00904,case,1,control,0.490853,0.187704,0.321443,99903,899058,82.8,0.2009,0.04,70.3
PT00905,case,1,hcc,0.457764,0.340784,0.201452,100046,897742,12.1,0.056,0.11,53.7
PT00906,control,0,liver,0.810919,0.114136,0.074945,99740,900785,42.7,0.0867,0.755,58.1
PT00907,case,3,hcc,0.479558,0.253438,0.267004,99521,898722,10.9,0.279,0.538,66.5
PT00908,case,1,control,0.349482,0.389984,0.260534,100384,899833,46.5,0.2212,0.043,67.8
PT00909,case,0,control,0.525229,0.080714,0.394057,99916,899539,98.2,0.0274,0.247,57.4
PT00910,control,2,control,0.672776,0.080885,0.246339,99726,898365,12.5,0.2964,0.738,59.5
PT00911,control,1,control,0.328282,0.527005,0.144713,99817,900502,66.5,0.4088,0.299,8.7
PT00912,case,1,hcc,0.509175,0.228628,0.262197,99807,899891,55.8,0.2644,0.017,55.6
PT00913,case,0,liver,0.339187,0.139552,0.521261,100249,900286,82.1,0.0566,0.224,55.2
PT00914,case,2,control,0.593119,0.311411,0.09547,100223,898993,14.3,0.2774,0.104,42.6
PT00915,control,0,control,0.163741,0.482477,0.353782,99911,900020,45.2,0.1904,0.988,74.7
PT00916,case,2,hcc,0.376274,0.334928,0.288798,99962,898614,89.6,0.2135,0.436,75.6
PT00917,control,0,hcc,0.563089,0.071129,0.365782,100121,900582,67.6,0.1342,0.422,86.9
PT00918,control,1,control,0.303312,0.682182,0.014506,100400,899049,16.0,0.1604,0.507,61.6
PT00919,control,1,control,0.141936,0.585932,0.272133,100050,901131,13.3,0.1243,0.889,74.3
PT00920,case,1,control,0.561201,0.22794,0.210859,100172,900443,48.5,0.1478,0.301,91.6
PT00921,case,1,control,0.443517,0.200678,0.355805,99648,897603,14.0,0.5311,0.326,65.4
PT00922,control,1,control,0.351594,0.635292,0.013114,100058,900952,36.8,0.1481,0.765,71.7
PT00923,case,3,control,0.355093,0.574941,0.069966,100141,900092,67.5,0.3678,0.264,60.4
PT00924,control,3,hcc,0.640025,0.313264,0.046711,99827,899818,12.9,0.3381,0.335,
PT00925,case,1,liver,0.519106,0.367704,0.113189,100123,900175,33.6,0.0089,0.375,65.4
PT00926,control,3,control,0.521067,0.223687,0.255245,100093,899408,54.1,0.0553,0.286,54.9
PT00927,control,1,hcc,0.3065,0.399129,0.29437,100060,900660,50.3,0.1062,0.612,44.9
PT00928,control,3,control,0.328277,0.315503,0.356219,99953,901504,91.2,0.057,0.766,47.7
PT00929,control,3,liver,0.378779,0.578668,0.042553,99660,899899,28.0,0.1279,0.779,54.6
PT00930,control,3,liver,0.65706,0.248816,0.094124,100120,898982,53.6,0.2879,0.717,89.3
PT00931,control,3,hcc,0.076543,0.64062,0.282837,99590,901272,84.9,0.0533,0.299,59.4
PT00932,case,2,control,0.304504,0.306862,0.388635,100316,901766,79.2,0.0592,0.077,
PT00933,case,0,control,0.521433,0.454371,0.024196,99973,899746,54.8,0.1224,0.186,50.7
PT00934,case,1,liver,0.241025,0.528545,0.23043,100017,900588,64.6,0.1051,0.262,61.8
PT00935,case,0,liver,0.405149,0.183497,0.411354,99881,898403,95.2,0.2862,0.116,70.4
PT00936,control,3,hcc,0.28113,0.161898,0.556972,100376,900561,11.8,0.1472,0.796,48.4
PT00937,case,1,control,0.599335,0.095488,0.305177,99652,899953,60.5,0.1542,0.19,54.7
PT00938,case,1,control,0.344567,0.29097,0.364462,99108,899444,54.2,0.146,0.211,69.6
PT00939,case,3,liver,0.497586,0.305802,0.196612,99357,900068,93.2,0.2939,0.53,65.8
PT00940,control,0,hcc,0.386494,0.345723,0.267783,100039,900677,69.9,0.0654,0.555,83.6
PT00941,control,2,control,0.461863,0.364096,0.17404,100200,897378,29.5,0.0855,0.239,76.4
PT00942,control,2,hcc,0.733249,0.123201,0.14355,99294,899057,16.5,0.2167,0.32,42.1
PT00943,case,3,control,0.390228,0.53777,0.072002,100385,899431,27.7,0.1221,0.529,59.9
PT00944,control,1,control,0.424764,0.380027,0.195208,99940,900603,41.7,0.0835,0.99,52.1
PT00945,control,1,hcc,0.662878,0.243689,0.093433,99735,898802,87.1,0.3006,0.9,55.6
PT00946,control,1,hcc,0.354399,0.332366,0.313235,100179,899138,40.1,0.1767,0.627,55.8
PT00947,control,1,control,0.483085,0.238657,0.278258,99719,899977,54.2,0.1853,0.94,65.2
PT00948,control,1,control,0.570059,0.1169,0.313041,99737,900070,27.2,0.1809,0.114,75.3
PT00949,control,2,control,0.672542,0.236025,0.091432,99619,899687,12.1,0.3908,0.248,65.0
PT00950,control,1,control,0.612779,0.318482,0.068738,100266,900650,83.4,0.5714,0.769,48.2
PT00951,case,1,hcc,0.285224,0.475839,0.238936,99946,901595,51.9,0.1717,0.485,63.0
PT00952,case,1,liver,0.67315,0.119143,0.207707,100152,900992,38.6,0.1778,0.539,64.1
PT00953,control,3,control,0.418487,0.335473,0.24604,100496,898937,93.1,0.096,0.374,67.8
PT00954,control,3,hcc,0.478893,0.234493,0.286614,100735,900705,83.4,0.1095,0.749,61.0
PT00955,control,3,control,0.334584,0.421276,0.244141,100178,899269,18.5,0.0707,0.966,55.2
PT00956,control,2,hcc,0.54481,0.170275,0.284915,99944,900372,60.4,0.2205,0.0,63.4
PT00957,case,1,liver,0.591723,0.233299,0.174978,100133,900030,79.7,0.4721,0.201,46.8
PT00958,control,3,hcc,0.602507,0.291049,0.106444,99942,899535,83.0,0.4063,0.159,68.3
PT00959,control,2,control,0.343464,0.412955,0.243581,99679,900909,72.6,0.0761,0.434,75.8
PT00960,case,1,hcc,0.220261,0.280912,0.498827,99910,898957,88.3,0.2174,0.33,56.4
PT00961,control,1,control,0.331695,0.476588,0.191717,100171,899154,16.9,0.3711,0.609,29.2
PT00962,control,1,hcc,0.281177,0.22215,0.496672,99489,900015,81.1,0.0997,0.823,53.1
PT00963,case,3,control,0.539102,0.374896,0.086002,100173,900067,37.4,0.6111,0.462,70.6
PT00964,case,0,control,0.581645,0.225727,0.192628,100546,897492,63.6,0.2613,0.363,83.8
PT00965,control,0,hcc,0.316463,0.294666,0.388871,99995,901013,98.3,0.4124,0.308,54.0
PT00966,control,0,hcc,0.244354,0.347508,0.408138,99994,900478,43.8,0.1198,0.321,53.5
PT00967,control,2,control,0.362164,0.545703,0.092133,100658,898878,93.1,0.2009,0.291,77.7
PT00968,case,2,liver,0.630768,0.280983,0.08825,100508,901017,13.0,0.2038,0.346,46.5
PT00969,control,0,control,0.326339,0.389877,0.283785,99974,899813,98.1,0.0766,0.854,66.5
PT00970,control,3,hcc,0.537888,0.255583,0.206529,99363,899606,10.7,0.0613,0.52,61.7
PT00971,control,3,control,0.611848,0.291885,0.096267,99774,900345,95.0,0.2938,0.256,86.4
PT00972,control,0,liver,0.699236,0.192388,0.108377,100041,898684,65.0,0.0986,0.3,48.1
PT00973,case,3,hcc,0.508816,0.294948,0.196236,100321,900298,91.2,0.1669,0.461,61.8
PT00974,control,2,liver,0.554021,0.318681,0.127297,100129,901638,36.7,0.2085,0.832,45.8
PT00975,case,3,hcc,0.369088,0.456004,0.174908,100475,900163,10.4,0.1814,0.463,77.0
PT00976,case,2,hcc,0.443559,0.507945,0.048497,100039,900169,65.6,0.2639,0.332,49.7
PT00977,control,0,liver,0.279217,0.218974,0.501809,100714,899903,95.3,0.2017,0.218,73.2
PT00978,control,2,control,0.688569,0.185972,0.125458,99755,899730,22.6,0.2793,0.307,64.9
PT00979,case,1,liver,0.145637,0.333637,0.520726,100164,901945,82.8,0.1101,0.33,34.9
PT00980,case,2,control,0.216688,0.177968,0.605344,100117,902106,43.9,0.3148,0.36,53.6
PT00981,control,2,control,0.381991,0.478978,0.139032,99942,899876,48.5,0.2764,0.897,70.8
PT00982,case,3,control,0.285427,0.503835,0.210738,100925,901333,22.5,0.1827,0.176,
PT00983,case,2,hcc,0.345581,0.058897,0.595522,100308,898052,50.2,0.1679,0.379,67.6
PT00984,case,0,control,0.290935,0.290635,0.41843,99925,900428,54.0,0.1311,0.189,63.1
PT00985,control,3,hcc,0.17412,0.539593,0.286288,99871,899918,61.0,0.211,0.14,50.1
PT00986,case,2,control,0.469911,0.232844,0.297245,99855,900594,97.6,0.1152,0.456,
PT00987,case,2,control,0.511792,0.4447,0.043508,99968,899009,55.1,0.131,0.22,68.9
PT00988,case,1,hcc,0.37451,0.29885,0.326639,99912,899169,59.4,0.2962,0.32,77.1
PT00989,control,1,control,0.434222,0.339646,0.226133,99960,898972,89.1,0.1264,0.008,64.2
PT00990,case,0,hcc,0.798801,0.123406,0.077793,100119,900436,93.3,0.3183,0.208,88.7
PT00991,case,2,liver,0.353571,0.557298,0.089132,99924,901418,29.8,0.1752,0.098,67.1
PT00992,control,3,control,0.349076,0.427826,0.223098,99651,900705,50.0,0.2467,0.677,49.7
PT00993,case,0,liver,0.607815,0.273098,0.119087,100429,899083,16.9,0.2978,0.367,
PT00994,case,1,liver,0.290203,0.430047,0.27975,100207,899982,82.5,0.1847,0.324,63.8
PT00995,control,2,liver,0.338051,0.356151,0.305799,99543,899637,71.0,0.1301,0.335,68.5
PT00996,case,3,liver,0.322431,0.522089,0.15548,100633,900108,78.9,0.0284,0.484,71.7
PT00997,case,1,liver,0.817375,0.109922,0.072703,99872,898708,60.6,0.1632,0.21,67.0
PT00998,case,0,liver,0.558614,0.197659,0.243727,99735,900190,41.1,0.4839,0.174,56.9
PT00999,case,3,control,0.57884,0.409053,0.012107,100018,901091,60.4,0.2093,0.082,45.6
PT01000,case,3,liver,0.469911,0.34807,0.182019,99741,900555,23.9,0.1355,0.432,81.1
PT01001,case,1,control,0.336555,0.572204,0.091242,100122,899157,81.1,0.4322,0.443,59.6
PT01002,control,1,liver,0.60517,0.197112,0.197718,99957,900477,41.4,0.1165,0.09,61.5
PT01003,control,1,control,0.295278,0.383848,0.320874,100383,899086,18.4,0.0618,0.009,52.7
PT01004,case,2,hcc,0.722718,0.228465,0.048816,100055,899907,94.7,0.2931,0.023,56.4
PT01005,case,0,control,0.541903,0.147795,0.310301,100740,899792,93.6,0.3491,0.049,76.5
PT01006,case,2,control,0.123584,0.716507,0.159908,99748,900216,15.6,0.1575,0.381,54.2
PT01007,case,1,control,0.222414,0.365786,0.411799,99935,899767,45.3,0.1872,0.223,38.9
PT01008,case,1,control,0.420999,0.457449,0.121552,100116,900578,95.9,0.0845,0.115,62.4
PT01009,control,2,control,0.747433,0.218081,0.034487,100084,900346,21.1,0.3237,0.447,47.6
PT01010,control,2,liver,0.51449,0.114936,0.370575,99932,899534,31.7,0.1012,0.579,82.5
PT01011,control,3,hcc,0.643098,0.212857,0.144046,100287,898746,27.1,0.0064,0.593,84.7
PT01012,control,0,control,0.623504,0.143736,0.23276,99951,899858,11.1,0.2086,0.902,63.5
PT01013,case,1,control,0.396724,0.361785,0.24149,99645,901156,67.1,0.186,0.387,74.3
PT01014,case,0,hcc,0.362634,0.422486,0.21488,99547,899688,23.6,0.2909,0.222,61.9
PT01015,control,2,control,0.218634,0.325688,0.455677,99977,899600,56.9,0.1238,0.352,47.1
PT01016,control,0,hcc,0.664145,0.189085,0.14677,99919,899756,68.5,0.1082,0.177,
PT01017,control,3,control,0.405192,0.345469,0.249339,99686,899085,61.2,0.1378,0.373,44.5
PT01018,case,0,liver,0.332651,0.526402,0.140947,100180,899606,89.1,0.08,0.428,58.9
PT01019,case,1,hcc,0.422994,0.325508,0.251498,99700,900163,58.9,0.0464,0.204,
PT01020,case,0,liver,0.736181,0.221107,0.042711,100000,899724,27.7,0.1593,0.477,67.4
PT01021,case,2,control,0.520856,0.272625,0.206519,99542,901380,52.4,0.0206,0.385,64.1
PT01022,control,2,hcc,0.569708,0.375812,0.05448,100587,901507,96.7,0.1839,0.342,77.7
PT01023,control,3,control,0.314365,0.565579,0.120056,100352,898356,79.8,0.1237,0.711,32.8
PT01024,case,2,liver,0.477214,0.3689,0.153886,99843,900246,48.7,0.3969,0.175,37.1
PT01025,control,1,hcc,0.335359,0.486251,0.17839,100301,901608,60.7,0.4314,0.805,70.0
PT01026,control,1,hcc,0.417211,0.313544,0.269246,99974,898231,79.3,0.6146,0.763,84.4
PT01027,case,3,control,0.187392,0.252218,0.56039,100346,899097,43.8,0.3104,0.035,75.9
PT01028,case,1,hcc,0.274987,0.501992,0.223021,99970,898874,88.4,0.1734,0.021,
PT01029,control,2,liver,0.302789,0.564341,0.13287,100298,899862,22.3,0.2087,0.146,46.1
PT01030,control,1,control,0.447092,0.503286,0.049622,99824,901193,33.4,0.3347,0.734,55.4
PT01031,control,2,control,0.235833,0.373856,0.390311,99610,901194,53.1,0.0947,0.2,69.6
PT01032,case,2,control,0.521314,0.418191,0.060495,100350,900611,83.6,0.0602,0.466,72.3
PT01033,case,3,control,0.730023,0.151031,0.118946,99373,901073,45.0,0.0919,0.238,64.6
PT01034,case,2,control,0.46422,0.415317,0.120464,100269,901653,95.2,0.3453,0.147,62.7
PT01035,case,3,hcc,0.60558,0.292233,0.102187,99148,901132,17.5,0.3092,0.102,59.6
PT01036,case,3,hcc,0.210423,0.662016,0.127561,100046,899983,60.0,0.0882,0.51,55.8
PT01037,case,3,control,0.238661,0.540232,0.221107,100141,898750,89.9,0.3349,0.38,75.1
PT01038,case,1,liver,0.552052,0.187327,0.260622,99816,900347,68.7,0.269,0.419,50.0
PT01039,case,2,hcc,0.829159,0.105413,0.065428,99738,900384,56.7,0.09,0.284,86.4
PT01040,case,2,control,0.40304,0.549317,0.047643,100329,899642,67.7,0.0429,0.266,56.1
PT01041,control,0,control,0.562361,0.175218,0.262421,99414,898586,91.6,0.3418,0.537,47.8
PT01042,case,0,hcc,0.423013,0.385581,0.191406,99972,900982,43.2,0.1566,0.022,66.4
PT01043,case,0,control,0.353601,0.496464,0.149935,99869,901220,26.3,0.0642,0.481,
PT01044,control,2,control,0.28392,0.583426,0.132654,99492,898433,67.1,0.1068,0.574,70.0
PT01045,case,3,control,0.55777,0.228548,0.213683,100025,899469,48.2,0.2165,0.072,64.4
PT01046,control,0,control,0.403233,0.339622,0.257145,100248,900067,64.2,0.0194,0.546,
PT01047,case,0,control,0.547798,0.175807,0.276395,99609,900444,75.4,0.3283,0.07,66.1
PT01048,case,0,control,0.569969,0.308937,0.121094,100086,899250,27.1,0.1259,0.022,56.0
PT01049,control,2,hcc,0.566304,0.35987,0.073826,100131,899157,29.7,0.1369,0.248,71.7
PT01050,case,2,hcc,0.223419,0.304504,0.472077,99801,902523,69.0,0.3,0.063,
PT01051,control,3,control,0.542676,0.328646,0.128678,99830,899542,57.0,0.0746,0.671,63.7
PT01052,case,2,control,0.67417,0.217294,0.108536,99903,897796,18.4,0.0386,0.14,
PT01053,case,2,control,0.528397,0.340314,0.131289,99637,900314,22.6,0.0871,0.292,61.1
PT01054,control,0,liver,0.242089,0.289232,0.468678,99801,900542,84.3,0.3235,0.847,64.3
PT01055,control,1,hcc,0.464245,0.330681,0.205074,99636,901425,90.4,0.293,0.222,64.9
PT01056,case,0,control,0.511726,0.164583,0.323691,100113,899631,11.4,0.2599,0.11,73.0
PT01057,case,0,control,0.185407,0.397858,0.416735,99599,899422,71.6,0.1432,0.178,20.1
PT01058,case,2,liver,0.352921,0.530591,0.116487,100471,900647,79.2,0.2809,0.541,40.4
PT01059,case,1,hcc,0.752878,0.128189,0.118933,100589,899935,86.1,0.2147,0.548,72.0
PT01060,control,3,control,0.28644,0.633924,0.079636,100031,898548,45.8,0.2873,0.375,67.3
PT01061,case,2,liver,0.200699,0.416396,0.382905,99908,900754,83.7,0.1365,0.364,57.5
PT01062,control,0,hcc,0.291053,0.349909,0.359038,99935,899750,46.9,0.0151,0.128,69.7
PT01063,case,3,control,0.482763,0.330839,0.186398,100026,900066,92.1,0.0098,0.282,71.0
PT01064,control,0,liver,0.153594,0.599578,0.246829,99332,900592,80.9,0.0793,0.803,65.7
PT01065,control,0,control,0.471236,0.165293,0.363471,99968,899592,41.7,0.2285,0.266,65.5
PT01066,case,2,control,0.368414,0.397248,0.234338,100155,900664,85.1,0.1474,0.289,
PT01067,case,3,control,0.479633,0.224222,0.296145,100410,899372,10.9,0.1673,0.405,63.2
PT01068,control,3,control,0.613413,0.213133,0.173454,100414,900985,44.8,0.152,0.492,63.9
PT01069,case,0,hcc,0.563182,0.320376,0.116443,100034,899608,77.1,0.1022,0.441,49.8
PT01070,control,3,liver,0.491925,0.268,0.240075,99254,900364,44.5,0.0272,0.076,46.0
PT01071,case,0,control,0.380718,0.537913,0.081369,99808,900920,28.8,0.2987,0.54,73.3
PT01072,control,2,control,0.625901,0.235348,0.138751,99166,899704,93.7,0.3958,0.933,30.0
PT01073,control,3,control,0.587738,0.309914,0.102348,100194,899179,98.4,0.3972,0.231,63.6
PT01074,control,3,control,0.154713,0.193111,0.652176,100142,899012,85.1,0.0979,0.238,46.8
PT01075,case,3,hcc,0.152142,0.776938,0.07092,99822,898932,44.1,0.3049,0.022,
PT01076,control,2,control,0.184301,0.611466,0.204233,99606,898478,71.4,0.1384,0.423,70.9
PT01077,case,2,control,0.298083,0.318164,0.383754,99870,902167,82.7,0.1067,0.449,71.8
PT01078,case,3,hcc,0.568604,0.073969,0.357427,99973,900726,27.6,0.1645,0.433,79.6
PT01079,case,0,control,0.224721,0.353246,0.422032,99195,900281,25.5,0.0081,0.022,
PT01080,control,3,liver,0.470204,0.21624,0.313556,99648,900718,51.7,0.2285,0.503,50.1
PT01081,control,1,control,0.718986,0.188785,0.092229,99785,901142,76.7,0.1133,0.794,54.0
PT01082,case,2,control,0.395978,0.411639,0.192384,100194,898815,20.9,0.0915,0.249,72.7
PT01083,control,2,hcc,0.514077,0.212971,0.272951,100018,899592,34.8,0.0134,0.181,53.4
PT01084,control,3,hcc,0.305082,0.567656,0.127262,100332,900546,83.5,0.1221,0.916,75.9
PT01085,case,2,hcc,0.423526,0.543711,0.032763,99673,901048,13.6,0.1664,0.134,52.9
PT01086,control,1,control,0.509094,0.328081,0.162825,99700,899772,26.5,0.23,0.282,44.4
PT01087,case,3,control,0.314866,0.226991,0.458143,99497,900697,73.4,0.4252,0.071,48.3
PT01088,case,2,control,0.420921,0.406308,0.172771,100004,899731,95.6,0.1073,0.087,58.0
PT01089,control,3,control,0.281864,0.591269,0.126867,100323,900956,41.6,0.2138,0.526,75.7
PT01090,control,0,control,0.572421,0.330714,0.096865,100421,901644,14.0,0.1086,0.713,
PT01091,control,2,hcc,0.307629,0.505079,0.187292,100726,900722,47.6,0.2077,0.342,54.3
PT01092,control,0,hcc,0.3233,0.551975,0.124725,100071,900703,52.8,0.2904,0.341,53.8
PT01093,case,3,control,0.374101,0.451979,0.17392,99330,901718,26.4,0.2447,0.344,51.0
PT01094,case,0,control,0.569081,0.295819,0.1351,99692,900935,51.4,0.0784,0.478,28.0
PT01095,case,1,control,0.319429,0.330321,0.35025,100014,900898,63.0,0.2323,0.068,64.2
PT01096,control,1,control,0.557471,0.335001,0.107528,99968,899686,69.0,0.1489,0.666,68.3
PT01097,case,1,hcc,0.565531,0.327477,0.106991,100038,901018,72.6,0.2672,0.317,60.8
PT01098,case,3,liver,0.487963,0.451646,0.06039,100415,898613,16.1,0.1319,0.276,44.7
PT01099,control,0,hcc,0.621896,0.157464,0.22064,100376,901043,55.6,0.0899,0.159,63.8
PT01100,case,2,hcc,0.31601,0.197826,0.486164,99909,900532,36.0,0.052,0.119,39.7
PT01101,case,2,control,0.341242,0.420921,0.237837,99466,900068,60.0,0.1009,0.341,70.4
PT01102,case,2,control,0.374779,0.30214,0.323081,100353,900050,34.2,0.1436,0.088,71.8
PT01103,case,0,liver,0.19611,0.563204,0.240686,99921,899607,60.0,0.1865,0.111,
PT01104,case,3,hcc,0.605702,0.290765,0.103533,100096,901031,86.9,0.1391,0.017,51.0
PT01105,control,2,hcc,0.424744,0.167785,0.407471,100119,900490,47.2,0.2301,0.524,46.1
PT01106,control,1,liver,0.537829,0.200043,0.262128,100190,899652,78.0,0.0249,0.636,
PT01107,case,1,control,0.470564,0.265035,0.2644,100294,899591,61.9,0.0936,0.442,51.8
PT01108,case,1,control,0.418879,0.155241,0.425881,100090,901140,67.1,0.3683,0.51,45.3
PT01109,case,2,hcc,0.445749,0.203502,0.350749,99907,900177,12.9,0.3692,0.366,73.4
PT01110,case,1,control,0.1587,0.645899,0.195401,99932,899034,71.7,0.244,0.045,44.1
PT01111,control,0,control,0.579331,0.252574,0.168095,100027,900939,31.7,0.2609,0.075,63.8
PT01112,control,2,control,0.455522,0.108071,0.436408,99944,901065,10.0,0.5951,0.023,48.7
PT01113,case,1,control,0.580472,0.164234,0.255294,99391,901369,95.0,0.4394,0.481,59.7
PT01114,control,2,control,0.615443,0.126153,0.258404,100068,899656,42.3,0.2793,0.186,60.0
PT01115,case,1,control,0.654565,0.165173,0.180261,100169,899444,48.2,0.1814,0.504,87.9
PT01116,control,0,liver,0.298013,0.319919,0.382068,99510,901195,11.5,0.2637,0.327,59.9
PT01117,control,1,control,0.409897,0.211369,0.378734,99742,897602,73.7,0.1184,0.401,35.0
PT01118,control,3,control,0.42898,0.387427,0.183594,99924,899099,43.3,0.1713,0.499,68.0
PT01119,control,0,hcc,0.268488,0.442045,0.289467,100266,901041,26.3,0.3913,0.082,26.7
PT01120,case,1,liver,0.318765,0.465469,0.215767,100383,900153,44.5,0.1828,0.483,62.2
PT01121,case,3,control,0.424783,0.360241,0.214976,100341,901279,82.5,0.0626,0.426,75.3
PT01122,case,2,hcc,0.475378,0.456509,0.068113,100555,900798,90.2,0.1935,0.185,57.1
PT01123,case,0,control,0.617287,0.300995,0.081718,99642,900493,53.2,0.5722,0.218,53.7
PT01124,control,0,liver,0.625026,0.290341,0.084633,99835,900573,17.4,0.1197,0.712,36.1
PT01125,case,1,control,0.522031,0.249878,0.228091,100256,899898,76.6,0.1299,0.157,84.7
PT01126,control,1,hcc,0.541493,0.184003,0.274504,100254,900437,52.4,0.2392,0.375,71.1
PT01127,case,1,control,0.496238,0.213696,0.290067,100349,900520,60.5,0.2337,0.517,68.3
PT01128,control,0,control,0.614667,0.072734,0.312599,100633,899917,16.4,0.4109,0.177,45.3
PT01129,case,3,hcc,0.339753,0.515111,0.145135,100652,900286,29.4,0.264,0.398,
PT01130,case,3,control,0.40211,0.470271,0.127619,100608,899289,20.8,0.3536,0.516,
PT01131,case,1,control,0.463287,0.115502,0.421211,99641,900746,25.0,0.1366,0.252,45.3
PT01132,control,3,control,0.593987,0.325061,0.080953,99849,899273,63.1,0.195,0.803,53.3
PT01133,case,3,hcc,0.475396,0.392265,0.132339,100289,898431,19.7,0.4338,0.48,83.5
PT01134,control,1,hcc,0.636098,0.216935,0.146967,100243,899892,87.4,0.2143,0.165,61.1
PT01135,case,3,control,0.190362,0.311932,0.497706,100884,899925,25.7,0.1649,0.084,47.7
PT01136,control,3,control,0.204481,0.542541,0.252979,99576,900840,20.9,0.2174,0.469,
PT01137,case,0,control,0.687937,0.285993,0.026071,100408,900787,35.5,0.1224,0.394,
PT01138,control,3,control,0.687659,0.253993,0.058348,100043,900845,97.0,0.1101,0.074,66.6
PT01139,case,3,hcc,0.466392,0.350595,0.183013,100143,900091,98.9,0.2484,0.074,
PT01140,control,0,control,0.290598,0.435913,0.273488,99532,900717,58.0,0.455,0.63,59.5
PT01141,case,0,control,0.397412,0.271341,0.331247,100229,900083,50.8,0.1753,0.069,69.8
PT01142,case,3,control,0.563794,0.28065,0.155556,99805,900270,16.4,0.2379,0.224,44.1
PT01143,control,2,control,0.2411,0.658497,0.100403,100436,900935,21.7,0.1883,0.267,54.8
PT01144,case,3,control,0.214171,0.477159,0.308669,99641,900178,10.2,0.0402,0.52,
PT01145,case,2,hcc,0.555379,0.333392,0.111229,100148,899626,71.7,0.1054,0.069,
PT01146,case,0,liver,0.532434,0.453066,0.014501,99922,898729,94.5,0.188,0.231,
PT01147,case,2,control,0.713151,0.126961,0.159887,100415,899998,35.7,0.3089,0.223,70.7
PT01148,control,0,hcc,0.346125,0.463381,0.190493,99929,899400,51.9,0.3065,0.208,40.2
PT01149,control,3,liver,0.413699,0.15817,0.428131,100027,898762,97.9,0.103,0.352,56.2
PT01150,case,3,control,0.287119,0.62974,0.083141,100043,901198,72.1,0.1733,0.038,46.7
PT01151,case,1,control,0.5345,0.23208,0.23342,99877,899241,97.0,0.2862,0.007,72.8
PT01152,case,3,hcc,0.580668,0.375689,0.043643,99549,900674,19.5,0.1864,0.388,42.4
PT01153,control,3,liver,0.462522,0.442562,0.094916,99994,898346,55.8,0.2334,0.079,61.2
PT01154,case,0,liver,0.56231,0.285696,0.151994,100219,900048,96.5,0.1994,0.372,49.3
PT01155,control,0,hcc,0.563356,0.392887,0.043757,99904,901420,87.9,0.009,0.383,65.3
PT01156,case,3,control,0.557713,0.14963,0.292656,100712,899363,41.4,0.0643,0.333,79.6
PT01157,control,1,liver,0.34848,0.576414,0.075106,100074,901333,68.7,0.296,0.434,75.5
PT01158,case,3,hcc,0.276817,0.469808,0.253375,100167,902243,13.7,0.4451,0.177,76.5
PT01159,control,3,liver,0.257062,0.612344,0.130594,99835,899789,61.3,0.3002,0.945,60.3
PT01160,control,0,hcc,0.514273,0.304875,0.180851,100074,900227,19.5,0.2282,0.559,57.5
PT01161,control,2,hcc,0.303654,0.362054,0.334292,99674,900422,14.0,0.2245,0.983,77.4
PT01162,control,0,liver,0.145484,0.577597,0.276918,99789,899615,61.6,0.3554,0.114,52.7
PT01163,case,1,hcc,0.497669,0.215799,0.286533,100261,900151,28.0,0.1542,0.256,72.5
PT01164,control,0,control,0.547374,0.287956,0.16467,100277,899734,28.2,0.1089,0.678,78.5
PT01165,case,2,control,0.524102,0.3801,0.095798,100144,901387,63.9,0.2304,0.045,43.4
PT01166,control,0,hcc,0.614175,0.344968,0.040857,99149,898825,41.1,0.2771,0.356,78.9
PT01167,control,3,hcc,0.388166,0.464486,0.147348,99690,901375,11.6,0.0376,0.166,38.3
PT01168,control,2,control,0.361104,0.152818,0.486078,100176,899341,70.1,0.1095,0.37,59.9
PT01169,control,2,hcc,0.539266,0.373798,0.086935,100124,902307,63.4,0.1399,0.218,55.9
PT01170,control,0,hcc,0.606801,0.264454,0.128745,100143,899061,56.4,0.1648,0.911,58.7
PT01171,control,3,control,0.441532,0.154664,0.403804,99863,899592,81.9,0.2373,0.662,43.3
PT01172,control,0,liver,0.315552,0.505373,0.179075,100019,899346,82.7,0.213,0.292,64.0
PT01173,control,1,hcc,0.506034,0.469019,0.024948,99685,900458,80.0,0.078,0.691,61.0
PT01174,case,1,hcc,0.348757,0.394218,0.257024,99361,901349,12.2,0.1023,0.458,66.0
PT01175,control,1,control,0.296211,0.502051,0.201738,99661,900922,32.9,0.1123,0.365,50.8
PT01176,case,1,hcc,0.132407,0.597966,0.269628,99681,899498,85.8,0.3651,0.546,61.1
PT01177,control,2,hcc,0.229974,0.481587,0.288438,99839,899201,98.0,0.4591,0.267,
PT01178,control,3,hcc,0.512647,0.143351,0.344002,100001,901927,73.4,0.1472,0.971,65.4
PT01179,case,1,hcc,0.303721,0.404672,0.291608,100151,899039,11.5,0.3204,0.139,
PT01180,control,2,control,0.240518,0.312759,0.446723,99918,899930,80.1,0.2413,0.562,77.3
PT01181,control,0,hcc,0.554686,0.26652,0.178794,99731,899925,79.2,0.1476,0.459,69.5
PT01182,case,3,hcc,0.414684,0.55966,0.025656,100224,899550,69.5,0.0658,0.24,51.3
PT01183,control,3,control,0.108129,0.691828,0.200043,100334,899513,37.4,0.166,0.823,57.4
PT01184,case,0,liver,0.21751,0.364592,0.417898,99996,900969,12.7,0.3168,0.007,77.8
PT01185,control,2,control,0.77983,0.087442,0.132728,100414,900936,51.5,0.0528,0.596,58.4
PT01186,control,2,control,0.31947,0.527277,0.153253,100341,898403,17.0,0.0873,0.428,43.6
PT01187,control,0,control,0.40027,0.348407,0.251322,99682,900740,60.5,0.1771,0.459,66.2
PT01188,control,3,control,0.59549,0.334537,0.069973,100274,900165,75.2,0.326,0.645,69.9
PT01189,control,1,control,0.594081,0.336628,0.069291,99764,899111,22.9,0.1356,0.095,56.0
PT01190,case,2,control,0.430248,0.421668,0.148084,100255,900418,58.4,0.0594,0.307,
PT01191,control,1,hcc,0.335539,0.568104,0.096357,99977,899412,91.2,0.1742,0.616,
PT01192,case,0,control,0.401774,0.320473,0.277752,100188,902144,89.4,0.3462,0.173,47.4
PT01193,case,1,control,0.41095,0.301964,0.287086,99547,899888,77.7,0.127,0.047,55.8
PT01194,control,2,control,0.479747,0.126413,0.39384,99638,899713,98.0,0.0745,0.43,62.8
PT01195,case,3,hcc,0.506973,0.176619,0.316408,100323,901459,59.8,0.108,0.063,64.4
PT01196,case,0,control,0.402132,0.113246,0.484621,99508,900832,94.1,0.048,0.504,66.7
PT01197,case,2,liver,0.311333,0.091144,0.597523,100228,900943,28.8,0.158,0.012,52.3
PT01198,case,2,control,0.435822,0.297517,0.26666,99529,898785,78.7,0.1374,0.089,71.9
PT01199,case,2,control,0.136721,0.256098,0.607181,99810,901518,16.8,0.1128,0.507,52.8
